card,lens_no,lens_echo,pour_no,wine,producer_or_region,blurb,grape,style,vintage,abv,serve,notes,pairs_with,acid,sweet,tannin,body,status
The Moon,III,You came for misdirection. Wise.,1,Tyrrell's Vat 1,"Hunter Valley, Australia","The best deceptions never feel like one, and neither does this. Vat 1 tastes of toast, honey, and oak it never once touched. Bone-dry, eleven percent, lying beautifully for twenty years.",Sémillon,"Dry white, aged",2005,11%,"8–10°C, no decant","Citrus, honey, lanolin","Oysters, roast chicken",0.85,0.06,0.08,0.28,approved
The Moon,III,You came for misdirection. Wise.,2,Dry Furmint,"Tokaj, Hungary","Tokaj built its legend on the sweetest wine on earth. This one walks in wearing that reputation and pours bone-dry: smoke, pear skin, a lie by association that the palate sorts out too late.",Furmint,"Dry white, mineral",2021,12.5%,9–11°C,"Smoke, pear, flint","Schnitzel, aged gouda",0.8,0.12,0.12,0.38,approved
The Moon,III,You came for misdirection. Wise.,3,"Morgon, Lapierre","Beaujolais, France","It pours like a whisper and lands like a speech. Lapierre's Morgon looks pale, chills like a white, then unfolds into something dark-fruited and serious. The color was the misdirection.",Gamay,"Red, cru Beaujolais",2022,13%,"14°C, slight chill","Cherry, iron, violets","Charcuterie, roast duck",0.62,0.1,0.35,0.45,approved
Wheel of Fortune,V,The comeback. Bold.,1,Les Terrasses,"Álvaro Palacios, Priorat","The best comebacks start with being written off. Priorat was emptied, forgotten, left for dead, until a few stubborn believers bet everything on its black slate. Les Terrasses is that bet paid in full: dark fruit, crushed stone, and the last laugh.","Garnacha, Cariñena","Red, old-vine",,,,"Black fruit, slate, licorice",,0.6,0.08,0.55,0.7,draft
Death,IV,The clean break. About time.,1,Elio Altare Barolo,"Piedmont, Italy","The old way had its turn, and Elio Altare agreed. He took an actual chainsaw to his father's ancient casks and was nearly disinherited for it. What grew back is modern Barolo: rose and tar over something brand new.",Nebbiolo,"Red, modern Barolo",,,,"Rose, tar, red cherry",,0.75,0.05,0.8,0.65,draft
The Tower,IV,The rebellion. Naturally.,1,Tignanello,"Antinori, Tuscany","The interesting rules always get broken, and Tignanello broke every one Chianti had. Cabernet smuggled into Sangiovese, French oak where it wasn't welcome, filed as a humble table wine. It turned out better than the law allowed. The rulebook never recovered.",Sangiovese blend,"Red, Super Tuscan",,,,"Black cherry, tobacco, cedar",,0.65,0.06,0.65,0.7,draft
The Fool,I,The leap. Of course.,1,Las Jaras Pét-Nat,California,"The landing figures itself out, and so does a pét-nat, sealed mid-ferment and left to finish on instinct. Las Jaras bottles that gamble on purpose: cloudy, frothy, a little feral, never the same twice. Jump.",Field blend,Pét-nat sparkling,,,,"Green apple, bread, spritz",,0.7,0.15,0.1,0.3,draft
The Hermit,IV,The hard road. Good.,1,Vin Jaune,"Jura, France","What's earned is always worth more, and Vin Jaune earns every sip. Six years under a veil of yeast, going nowhere, becoming something most palates can't follow: walnut, curry, bruised apple. It gives up its secrets slowly. Or not at all.",Savagnin,"Oxidative, under veil",,,,"Walnut, curry, apple",,0.8,0.03,0.15,0.55,draft
The World,III,"The whole, greater than its parts. Rare.",1,Château de Beaucastel,Châteauneuf-du-Pape,"Built from so many parts it became its own thing: Beaucastel blends up to thirteen grape varieties into a single wine that tastes like none of them and all of them. Spice, leather, dark fruit, and a place that has been getting this right for centuries.",13-variety blend,"Red, Southern Rhône",,,,"Spice, leather, dark fruit",,0.6,0.08,0.6,0.75,draft
The Devil,III,The guilty pleasure. Pour heavier.,1,Turley Zinfandel,California,"No guilt at all, that's the spirit. Turley's old-vine Zinfandel is dangerously easy to love: ripe, generous, unapologetically full-throated, and not the least bit sorry about it. The second glass was always coming. So was the third.",Zinfandel,"Red, old-vine",,,,"Blackberry, spice, warmth",,0.5,0.2,0.5,0.9,draft
The Magician,III,"Mastery, disguised as ease. Always.",1,Didier Dagueneau Silex,"Loire, France","The impossible made effortless: Dagueneau bent Sauvignon Blanc until it stopped tasting like a grape and started tasting like the flint it grew from. Silex is the Loire channeled through sheer will: smoky, electric, utterly singular. Nobody else could have made it.",Sauvignon Blanc,"Dry white, single vineyard",,,,"Smoke, flint, citrus",,0.8,0.05,0.1,0.45,draft
The Fool,II,The untraveled road. Obviously.,1,The Prince in His Caves,"Scholium Project, California","The good stuff was never on the map, and nobody proved it like Abe Schoener, a philosophy professor who left the lecture hall to make wine with no formal training. The Prince ferments Sauvignon Blanc on its skins into something golden, grippy, and gloriously unplanned. The syllabus never stood a chance.",Sauvignon Blanc,Skin-contact white,2021,13%,10-12°C,"Quince, walnut, black tea","Aged cheese, roast pork",0.6,0.05,0.35,0.6,draft
The Fool,III,No reason at all. The best one.,1,Morgon Côte du Py,"Jean Foillard, Beaujolais","No reason needed, no regrets offered: carbonic maceration seals whole clusters to ferment inside their own skins, juice barely touched, joy nearly guaranteed. Foillard's Côte du Py is the style at its silkiest, made by one of the 'Gang of Four' who bet Beaujolais could be serious and fun at once. The bet keeps paying.",Gamay,"Red, carbonic cru",2022,13%,"14°C, light chill","Cherry, violet, granite","Roast chicken, charcuterie",0.65,0.08,0.3,0.45,draft
The Fool,IV,The dark horse. Every time.,1,Rebula,"Movia, Brda, Slovenia","The safest bet is the one nobody else is making, and Slovenian wine was nobody's bet for decades. Movia has farmed the Brda hills through eight generations and four different countries without moving an inch, the border redrawn around the vines. Rebula from the far edge of the map, arriving right on time.",Rebula,"White, amber-edged",2020,12.5%,10-12°C,"Apple skin, herbs, honey","Trout, herbed cheeses",0.7,0.05,0.2,0.5,draft
The Magician,I,The origin story. Insightful.,1,Clos de la Roche,"Domaine Dujac, Burgundy","The raw material was always extraordinary; the trick is not getting in its way. Dujac's Clos de la Roche pulls a grand cru's worth of wild strawberry, forest, and spice through whole-cluster ferments that add nothing but nerve. The site does the talking. The hands just made sure of it.",Pinot Noir,"Red, grand cru",2019,13%,"16°C, decant 30 min","Strawberry, forest floor, spice","Duck, mushrooms",0.6,0.05,0.5,0.55,draft
The Magician,II,The whole ensemble. Masterful.,1,Grande Cuvée,"Krug, Champagne","Every piece played its part perfectly, and there are about a hundred and twenty of them: each edition of Grande Cuvée blends wines from more than a decade of harvests, a composition rebuilt from scratch every year. A hundred and twenty instruments, one chord. Nobody hears the seams.",Champagne blend,Prestige NV Champagne,NV,12%,9-11°C,"Brioche, citrus, hazelnut","Oysters, aged Comté",0.75,0.1,0.05,0.55,draft
The Magician,IV,"The mystery, intact. Quite right.",1,Clos Saint Urbain Rangen Riesling,"Zind-Humbrecht, Alsace","Some forces work best left unexplained. The Rangen is a volcanic cliff so steep monks once farmed it with ropes; Zind-Humbrecht works it biodynamically, by cow horn and lunar calendar, and the Riesling comes up tasting of smoke and stone. Explanations are available. None of them quite cover it.",Riesling,"Dry white, volcanic grand cru",2019,13.5%,10-12°C,"Smoke, flint, lime","Smoked fish, spiced pork",0.8,0.15,0.1,0.6,draft
The High Priestess,I,The double life. Perceptive.,1,Clos du Papillon,"Domaine du Closel, Savennières","What shows and what hides are both real. Savennières is Chenin at its most double-natured, austere and stony on approach, honeyed underneath; Closel farms the schist of Clos du Papillon biodynamically and bottles both faces at once. The first sip and the last rarely agree. Neither is wrong.",Chenin Blanc,"Dry white, textured",2019,14%,11-13°C,"Quince, beeswax, wet stone","Roast pork, ripe cheeses",0.7,0.08,0.15,0.65,draft
The High Priestess,II,The slow reveal. Worth it.,1,Barolo Monprivato,"Giuseppe Mascarello, Piedmont","The deepest ones open in their own time, and Monprivato takes all it needs. Giuseppe Mascarello's family has held this Castiglione Falletto cru since 1904; young, it offers perfume and stone and little else, then unfolds over hours into roses, tar, and old secrets. Rushing gets you nowhere. Sitting with it gets you everything.",Nebbiolo,"Red, traditional Barolo",2017,14%,"17°C, decant 2 hrs","Rose, tar, dried cherry","Braised beef, truffle",0.75,0.05,0.8,0.6,draft
The High Priestess,III,You caught the whisper. Sharp ears.,1,La Gitana Manzanilla,"Hidalgo, Sanlúcar de Barrameda","Some notes only reach the ones listening. Manzanilla ages under a veil of flor in Sanlúcar, where sea air slips into the casks and leaves something saline and half-imagined; La Gitana is the town's whisper in a glass, chamomile and salt, pale as moonlight. Loud rooms miss it entirely. That seems fair.",Palomino,"Manzanilla sherry, flor-aged",NV,15%,"7-9°C, fresh bottle","Chamomile, almond, sea spray","Olives, fried fish",0.6,0.02,0.05,0.3,draft
The High Priestess,IV,You chose the unknowable. Fitting.,1,Châteauneuf-du-Pape,"Château Rayas, Rhône","The best secrets keep themselves. Rayas hides at the end of an unmarked lane, no sign, no visitors, release schedules known only to itself, making Châteauneuf's most ethereal Grenache from cool sand under pines. The Reynaud family has never explained much. The wine has never needed them to.",Grenache,"Red, Châteauneuf-du-Pape",2012,14.5%,16°C,"Kirsch, garrigue, incense","Game birds, lamb",0.6,0.06,0.45,0.6,draft
The Empress,I,The abundance. Take more.,1,Condrieu Terrasses de l'Empire,"Georges Vernay, Rhône","There is more than enough to go around, though it nearly wasn't: Condrieu had shrunk to a few stubborn hectares when Georges Vernay refused to let Viognier die, and his terraces became the grape's world capital. Apricot, honeysuckle, cream. Abundance restored, one steep row at a time.",Viognier,Aromatic dry white,2021,14%,11-13°C,"Apricot, honeysuckle, cream","Lobster, soft cheeses",0.45,0.1,0.1,0.7,draft
The Empress,II,The well-tended. Flourishing.,1,Estate Cabernet Sauvignon,"Spottswoode, Napa Valley","Living things thrive on attention, and Spottswoode has proven it since converting to organic farming in 1985, decades before Napa followed. A family estate run by mothers and daughters, gardens threaded through the vineyard rows. The Cabernet comes up velvet, generous, unmistakably cared for.",Cabernet Sauvignon,"Red, Napa estate",2019,14.2%,"17°C, decant 30 min","Cassis, violet, cedar","Lamb, ribeye",0.55,0.05,0.6,0.75,draft
The Empress,III,You chose the oldest love. It shows.,1,Bechthold Vineyard Cinsault,"Turley, Lodi","The oldest roots feed the newest branches. The Bechthold Vineyard was planted to Cinsault in 1886, the oldest such planting on earth, and its gnarled vines still mother new cuttings across Lodi. Turley bottles it bright, floral, alive. A hundred and forty harvests in, still providing.",Cinsault,"Red, ancient vines",2022,12.9%,"14°C, slight chill","Strawberry, rose, pepper","Grilled salmon, herbed chicken",0.6,0.05,0.3,0.45,draft
The Empress,IV,A set table. You were expected.,1,Barbera d'Asti Tre Vigne,"Vietti, Piedmont","The best care is practical. Barbera is Piedmont's weeknight mother tongue, all juicy acidity and dark fruit with no tannic lectures, built to make dinner taste better; Vietti gives the workhorse grape cru-level respect. It has never met a table it couldn't feed.",Barbera,"Red, food-first",2021,14%,16°C,"Black cherry, plum, balsam","Pasta, pizza, roast pork",0.75,0.05,0.3,0.55,draft
The Emperor,I,The architecture. Sound.,1,Château Montrose,"St-Estèphe, Bordeaux","The things that last were engineered to. Montrose sits on a gravel rise above the Gironde, building St-Estèphe of the old school: dense, tannic, unhurried, designed for decades the way bridges are. Vintages from the sixties still stand. The blueprints clearly worked.",Cabernet blend,"Red, classified St-Estèphe",2016,13.5%,"17°C, decant 1 hr","Cassis, graphite, earth","Ribeye, roast lamb",0.6,0.05,0.8,0.8,draft
The Emperor,II,You went straight to the throne. Correct.,1,Château Latour,"Pauillac, Bordeaux","Every order traces back to one name. Latour anchored Pauillac's hierarchy before the 1855 classification confirmed what everyone already knew, and in 2012 it seceded from the futures system entirely, releasing wine only when it decides the wine is ready. First growth, first word, last word.",Cabernet blend,"Red, first growth",2010,13.5%,"18°C, decant 2 hrs","Blackcurrant, cedar, iron","Beef, aged cheeses",0.6,0.05,0.85,0.85,draft
The Emperor,III,The law upheld. As written.,1,Brunello di Montalcino,"Il Poggione, Tuscany","Good rules outlive their makers. Brunello is bound by some of Italy's strictest wine law: one grape, one hill, no release before the fifth year. Il Poggione has kept that code for over a century, and the wine arrives composed, structured, certain. The rules were the point.",Sangiovese,"Red, Brunello DOCG",2018,14.5%,"17°C, decant 1 hr","Cherry, leather, dried herbs","Bistecca, aged pecorino",0.65,0.05,0.7,0.7,draft
The Emperor,IV,"Order, kept. As designed.",1,Château Haut-Brion,"Pessac-Léognan, Bordeaux","Control is a kind of care. Haut-Brion was the only estate outside the Médoc commanding enough to force its way into the 1855 classification, and it has run on precision ever since, plot by plot, barrel by barrel. Smoke, cassis, warm brick. Authority, wearing polish.",Cabernet blend,"Red, first growth Graves",2015,14%,"17-18°C, decant 1 hr","Smoke, cassis, tobacco","Roast duck, beef",0.6,0.05,0.75,0.8,draft
The Hierophant,I,The old rites. Still working.,1,Clos Vougeot,"Château de la Tour, Burgundy","The rites survived for a reason. Cistercian monks walled the Clos de Vougeot nine centuries ago and worked out, row by patient row, most of what Burgundy still believes; Château de la Tour remains the largest holder inside those walls, making Pinot the monks would recognize. Doctrine, drinkable.",Pinot Noir,"Red, grand cru",2019,13.5%,16-17°C,"Dark cherry, underbrush, spice","Coq au vin, brie",0.6,0.05,0.55,0.6,draft
The Hierophant,II,The classic course. As intended.,1,Sancerre,"Domaine Vacheron, Loire","The classics earned the title. Sancerre is the world's reference point for Sauvignon Blanc, the bottle sommeliers reach for when someone asks what the grape is supposed to taste like; the Vacheron family answers with biodynamically farmed flint and citrus, chalk-line precise. Lesson one, poured properly.",Sauvignon Blanc,"Dry white, benchmark",2022,13%,9-11°C,"Gooseberry, flint, citrus","Goat cheese, oysters",0.8,0.04,0.05,0.4,draft
The Hierophant,III,"The long chain, unbroken. Carry on.",1,Rutherglen Muscat,"Campbells, Australia","Each generation teaches the next, literally, in Rutherglen: young Muscat joins barrels holding wine far older, learning richness from its elders in a chain Campbells began in 1870. The glass holds no single age, only accumulated wisdom. Raisin, toffee, rose petal. Class remains in session.",Muscat,"Fortified, solera-style",NV,17.5%,"14-16°C, small pour","Raisin, toffee, rose","Blue cheese, dark chocolate",0.4,0.9,0.15,0.8,draft
The Hierophant,IV,The flame kept. Someone must.,1,Viña Tondonia Reserva,"López de Heredia, Rioja","Somebody has to hold the line, and at Tondonia the line has held since 1877: the same long American-oak aging, a working cooperage on site, cellars so old they grow their own mold. Fashion has circled past a dozen times. The wine has outlasted every lap.",Tempranillo blend,"Red, traditional Rioja",2012,13.5%,16°C,"Dried cherry, dill, leather","Roast lamb, jamón",0.7,0.04,0.5,0.55,draft
The Lovers,I,The union. Inevitable.,1,Châteauneuf-du-Pape,"Clos des Papes, Rhône","The whole outdoes its halves, and Clos des Papes stakes everything on it: no single-parcel bottlings, no prestige cuvée, every grape the Avril family grows folded into one wine. Grenache brings the warmth, Mourvèdre the spine, Syrah the shadow. Separately, good. Together, spoken for.",GSM blend,"Red, Southern Rhône",2020,14.5%,16-17°C,"Red fruit, garrigue, spice","Lamb, cassoulet",0.6,0.06,0.55,0.75,draft
The Lovers,II,"Opposites, entwined. Delicious.",1,Oberhäuser Brücke Spätlese,"Dönnhoff, Nahe","The differences do the attracting. In great Riesling, sweetness and acidity should quarrel; in Dönnhoff's hands they finish each other's sentences, orchard fruit and cold slate locked in perfect tension. Neither wins. That was never the idea.",Riesling,"White, off-dry Spätlese",2021,8.5%,9-11°C,"Peach, slate, lime blossom","Thai food, pork belly",0.85,0.6,0.05,0.35,draft
The Lovers,III,The partnership. Enviable.,1,Syrah,"Mullineux, Swartland","The best things get built in pairs. Chris and Andrea Mullineux met over wine on two different continents, married, and founded their Swartland estate in 2007; it has since been named South Africa's winery of the year multiple times. Granite-grown Syrah, floral and savory. Built together, clearly.",Syrah,"Red, Swartland",2020,13.5%,16°C,"Violet, white pepper, dark berry","Braised short rib, duck",0.65,0.05,0.55,0.65,draft
The Lovers,IV,The heart's fork. It already chose.,1,Barolo Rocche di Castiglione,"Vietti, Piedmont","Every choice is a small devotion. Vietti was among the first in Barolo to bottle single crus, back in 1961, insisting each hillside deserved its own voice rather than a comfortable blend. Rocche di Castiglione is one path taken fully: perfumed, taut, unmistakably itself.",Nebbiolo,"Red, single-cru Barolo",2018,14%,"17°C, decant 1 hr","Rose, cherry, mint","Braised veal, aged cheeses",0.7,0.05,0.75,0.65,draft
The Lovers,V,To the two of you. Cheers.,1,Brut Rosé,"Billecart-Salmon, Champagne","Some feelings insist on being celebrated. Billecart-Salmon was founded in 1818 on a marriage, Nicolas François Billecart and Elizabeth Salmon, both names on every label two centuries later. The rosé is the house's love letter: pale salmon, wild strawberry, impossibly fine bubbles. Two names, one flute.",Champagne blend,Rosé Champagne,NV,12%,8-10°C,"Wild strawberry, citrus, chalk","Sushi, berries, or nothing",0.75,0.1,0.05,0.4,draft
The Chariot,I,The head start. Deserved.,1,One Point Five,"Shafer, Stags Leap District","The finish was decided early. Shafer's One Point Five is named for a father and son running the estate as one and a half generations, momentum handed forward without slowing down. Stags Leap District Cabernet with the accelerator held: dark, plush, pointed exactly where it means to go.",Cabernet Sauvignon,"Red, Napa Cabernet",2021,14.9%,"17°C, decant 30 min","Blackberry, espresso, violet","Ribeye, lamb chops",0.55,0.06,0.65,0.85,draft
The Chariot,II,"Power, handled. Impressive.",1,Brunello di Montalcino,"Poggio di Sotto, Tuscany","Power behaves for the right hands. Poggio di Sotto grows Brunello on the warm Castelnuovo slopes and then, through long macerations and big old casks, reins all that force into something weightless and precise. Two horses, one driver. The wine arrives perfectly composed, which is the trick.",Sangiovese,"Red, Brunello",2017,14.5%,"17°C, decant 1 hr","Red cherry, orange peel, leather","Wild boar, aged pecorino",0.7,0.05,0.65,0.65,draft
The Chariot,III,"The doubters, outlasted. Vindicated.",1,Barbaresco,"Gaja, Piedmont","The doubters ran out of arguments. Angelo Gaja bottled Barbaresco's first single vineyard in 1967, brought French barriques to Piedmont over his father's objections, and priced his wine beside first-growth Bordeaux when nobody believed Italy could ask that much. They paid it. They still do.",Nebbiolo,"Red, Barbaresco",2019,14%,"17°C, decant 1 hr","Black cherry, spice, tar","Braised beef, risotto",0.7,0.05,0.7,0.65,draft
The Chariot,IV,"Rough weather, good hands. Onward.",1,Napa Valley Cabernet,"Corison, Napa Valley","Hard years make good drivers. Napa's 2011 was cold, wet, and widely written off; Cathy Corison, who never chased ripeness in the first place, steered straight through and made wines of uncommon grace that critics later lined up to praise. The weather sets the course. Somebody still has to drive.",Cabernet Sauvignon,"Red, Napa Cabernet",2011,13.3%,16-17°C,"Red currant, violet, gravel","Roast lamb, duck",0.65,0.04,0.55,0.65,draft
Strength,I,The soft touch. Strongest of all.,1,Château Montus,"Alain Brumont, Madiran","The wildest things answer to softness. Tannat is the most tannic grape in the business, so ferocious it lent its name to the word, and Alain Brumont spent a career gentling it; Montus wears all that muscle as velvet. The beast is still in there. It simply prefers her tamer now.",Tannat,"Red, Madiran",2018,14.5%,"17°C, decant 1 hr","Blackberry, cocoa, smoke","Cassoulet, duck confit",0.6,0.05,0.75,0.8,draft
Strength,II,Velvet first. The iron can wait.,1,Château Margaux,"Margaux, Bordeaux","True power rarely raises its voice. Margaux is the first growth famous for perfume rather than force, all violets and silk over a structure that holds for half a century. The iron never shows itself in company. It never has to.",Cabernet blend,"Red, first growth",2016,13.5%,"17-18°C, decant 1 hr","Violet, cassis, silk","Rack of lamb, squab",0.6,0.05,0.7,0.75,draft
Strength,III,Old strength. It holds.,1,The Freedom 1843 Shiraz,"Langmeil, Barossa Valley","Endurance is its own kind of grace. The Freedom vineyard was planted in 1843 by a Prussian refugee, and its Shiraz vines, among the oldest on earth, still bear fruit every year without irrigation or fuss. A century and a half of weather, carried lightly. The wine is dense, dark, and calm about it.",Shiraz,"Red, ancient-vine Barossa",2019,14.5%,16-17°C,"Black plum, licorice, earth","Braised beef, hard cheeses",0.5,0.08,0.6,0.85,draft
Strength,IV,Composure in the heat. Admirable.,1,Châteauneuf-du-Pape,"Château de Beaucastel, Rhône","Composure is loudest in the heat. In 2003, the hottest European summer on record, whole regions collapsed into jam; Beaucastel leaned on late-ripening Mourvèdre and old habits and stayed fresh while the continent wilted. Pressure reveals. What it revealed here was grace.",Mourvèdre blend,"Red, Châteauneuf-du-Pape",2003,14.5%,16-17°C,"Dark fruit, leather, garrigue","Game, mushroom dishes",0.55,0.06,0.6,0.8,draft
The Hermit,I,"Solitude, chosen. Understood.",1,Emperatriz Eugenia Oloroso,"Lustau, Jerez","Some things only surface in the quiet. Oloroso gives up the protection of flor early and ages alone against the air for decades, gathering walnut, orange peel, and dark caramel nobody watched it earn. A wine for one chair, one lamp. It has been alone longer than you.",Palomino,"Oloroso sherry, oxidative",NV,20%,"14-16°C, small pour","Walnut, orange peel, caramel","Aged Manchego, almonds",0.6,0.15,0.1,0.7,draft
The Hermit,II,No hurry at all. The better pace.,1,Barolo Riserva,"Borgogno, Piedmont","The best things never hurry. Borgogno holds its Barolo Riserva back in the cellar for years past the legal minimum, releasing old vintages only when the house decides they have something to say. Time is the winemaker of record here. It works slowly, and it has never once been fired.",Nebbiolo,"Red, aged Barolo Riserva",2013,14%,"17°C, decant 1 hr","Dried rose, tar, tobacco","Truffle dishes, braises",0.7,0.05,0.7,0.6,draft
The Hermit,III,The remote path. Quieter there.,1,Táganan Tinto,"Envínate, Canary Islands","The good stuff was never where the crowd went. Envínate farms ungrafted old vines on Atlantic ravines in Tenerife, plots reachable only on foot, a wine region most maps forget to label. Volcanic, herbal, quietly electric. The crowd is very far away. That was rather the idea.",Listán Negro blend,"Red, volcanic island",2021,12.5%,"14-15°C, slight chill","Sour cherry, ash, herbs","Grilled octopus, mushroom",0.7,0.04,0.35,0.5,draft
Wheel of Fortune,I,"Every chapter, counted. It adds up.",1,Brut Tradition,"Egly-Ouriet, Champagne","Every chapter led to this one. Egly-Ouriet builds its Tradition on unusually deep reserves, older wines from earlier turns of the year folded into the new, so each bottle carries seasons that came before. Golden, vinous, sure of itself. The past pays the bills here.",Pinot Noir blend,"Grower Champagne, NV",NV,12%,9-11°C,"Baked apple, brioche, hazelnut","Roast chicken, hard cheeses",0.7,0.1,0.05,0.55,draft
Wheel of Fortune,II,"The full circle. Again, gladly.",1,Matusalem VORS,"González Byass, Jerez","The same crossroads, a different season. In a solera, young wine is poured onto old and the old teaches it, a circle turning since before anyone alive can remember; Matusalem's blend averages thirty years in the round. Fig, walnut, bittersweet orange. Round it comes again.","Palomino, PX","Sweet oloroso, VORS",NV,20.5%,"14-16°C, small pour","Fig, walnut, burnt orange","Blue cheese, pecan pie",0.55,0.7,0.1,0.8,draft
Wheel of Fortune,III,Serendipity. It likes you.,1,Grange,"Penfolds, South Australia","Some things just land in the right lap. Max Schubert was ordered to stop making Grange in 1957 after the board tasted it and winced; he kept making it in secret, and the hidden vintages became Australia's most celebrated wine. Luck circles. It favors the ones already working.",Shiraz,"Red, flagship blend",2017,14.5%,"17°C, decant 2 hrs","Black fruit, mocha, spice","Beef, game",0.55,0.06,0.7,0.9,draft
Wheel of Fortune,IV,The turning point. All change.,1,Proprietary Red,"Pahlmeyer, Napa Valley","One moment changes the whole story. Pahlmeyer was an ambitious side project until Helen Turley took the cellar in the early nineties and turned it into one of Napa's most wanted names almost overnight. The hinge swung; the fortunes followed. Dense, dark, and very much the after picture.",Bordeaux blend,"Red, Napa blend",2019,14.9%,"17°C, decant 30 min","Black cherry, cocoa, cedar","Ribeye, lamb",0.5,0.08,0.65,0.9,draft
Justice,I,The equilibrium. Just so.,1,Rancia Riserva,"Fèlsina, Chianti Classico","Fair is another word for balanced. Fèlsina's Rancia grows on a former monastery site at the cool southern edge of Chianti Classico, and the wine holds fruit, acid, and tannin in almost judicial proportion, nothing favored, nothing slighted. Every element gets its say. The verdict drinks beautifully.",Sangiovese,"Red, Chianti Classico Riserva",2019,13.5%,16-17°C,"Cherry, iron, cypress","Bistecca, pasta al ragù",0.75,0.05,0.6,0.6,draft
Justice,II,Conscience included. Commendable.,1,Coyam,"Emiliana, Colchagua","Good business keeps its conscience. Emiliana converted vast plantings to organic and biodynamic farming when nobody in Chile thought it could scale, added Fair Trade certification, and put sheep where the herbicides used to be. Coyam is the proof blend: dark, spiced, and entirely above board.",Syrah-Carmenère blend,"Red, organic blend",2020,14%,16-17°C,"Black plum, spice, earth","Grilled meats, stews",0.6,0.05,0.55,0.7,draft
Justice,III,Cause and effect. The books balance.,1,Gran Reserva Carmenère,"Viña Carmen, Chile","Every effect kept its receipt. Carmenère vanished from Bordeaux with phylloxera and was mourned as extinct for a century, until 1994, when a botanist looked closely at Chile's odd 'Merlot' and found the lost grape hiding in plain sight. The books balanced a hundred years late. They always do.",Carmenère,"Red, rediscovered grape",2020,14%,16°C,"Black fruit, paprika, tomato leaf","Grilled pork, empanadas",0.55,0.05,0.55,0.7,draft
Justice,IV,Nothing hidden. Case closed.,1,Chablis Butteaux,"Domaine Raveneau, Burgundy","The truth holds up in any light. Raveneau's Chablis states its case with nothing to lean on: no showy oak, no ripeness tricks, just Kimmeridgian limestone, packed with fossil oysters, speaking through Chardonnay under oath. Stone, citrus, sea shell. The evidence speaks for itself.",Chardonnay,"White, premier cru Chablis",2020,13%,10-12°C,"Oyster shell, lemon, stone","Oysters, poached fish",0.85,0.03,0.05,0.5,draft
The Hanged Man,I,The worthwhile wait. Hang tight.,1,Amarone della Valpolicella,"Bertani, Veneto","Nothing was wasted by the waiting. Amarone begins with whole clusters hung and racked to dry for around four months, grapes suspended in cool lofts, shrinking toward their essence before a drop is fermented. Bertani then ages it for years more. Patience, concentrated. Literally.",Corvina blend,"Red, Amarone",2015,15%,17°C,"Dried cherry, fig, spice","Braised beef, aged cheeses",0.6,0.15,0.6,0.9,draft
The Hanged Man,II,The view from upside down. Clearer.,1,Los Arcos Amontillado,"Lustau, Jerez","Everything reads differently from here. Amontillado begins life under flor like a fino, then loses its veil partway and finishes upside down, oxidative, amber, bone-dry when everyone expects sherry to be sweet. Hazelnut and salt where the sugar should be. Clearer, once you hang with it.",Palomino,"Amontillado sherry, dry",NV,18.5%,12-14°C,"Hazelnut, orange peel, salt","Jamón, roasted almonds",0.65,0.05,0.05,0.55,draft
The Hanged Man,III,The precarious path. Held.,1,Ribeira Sacra Tinto,"Guímaro, Galicia","Some footholds are earned daily. Ribeira Sacra means sacred riverbank: terraces cut since Roman times into canyon walls so steep everything moves by hand and nerve. Guímaro's Mencía hangs from those ledges all season. What arrives is fragrant, cool, and worth every held breath.",Mencía,"Red, heroic viticulture",2021,13%,"14-15°C, slight chill","Red cherry, granite, herbs","Grilled octopus, sausage",0.7,0.04,0.4,0.5,draft
The Hanged Man,IV,Time first. Then the good part.,1,Côte-Rôtie,"Domaine Jamet, Rhône","First impressions rarely finish the story. Jamet's Côte-Rôtie is famously closed on opening, all smoke and stone with the door shut; give it hours in a decanter and it swings open into violets, olives, and warm iron. The wine was never withholding. It was composing itself.",Syrah,"Red, Northern Rhône",2019,13%,"16-17°C, decant 2 hrs","Violet, olive, iron","Game birds, herbed lamb",0.7,0.04,0.6,0.65,draft
Death,I,"Out of the ashes, then. Poetic.",1,Etna Rosso,"Tenuta delle Terre Nere, Sicily","The richest soil is always where something burned. Etna's vineyards climb old lava flows on a volcano that is still very much alive, and the vines send roots through rock that was once fire. Terre Nere's Nerello comes up perfumed and fine-boned. Destruction, given enough time, farms beautifully.",Nerello Mascalese,"Red, volcanic",2021,14%,15-16°C,"Sour cherry, ash, rose","Grilled fish, mushroom pasta",0.7,0.04,0.5,0.5,draft
Death,II,"The return, changed. Necessarily.",1,Ribolla Gialla,"Gravner, Friuli","What comes back is never quite the same. Josko Gravner walked away from a state-of-the-art cellar, buried Georgian qvevri in the earth, and let his Ribolla ferment on skins underground for months, the way wine was made eight thousand years ago. It returned amber, tannic, reborn. The old way, alive again, wearing a new face.",Ribolla Gialla,"Amber wine, qvevri",2015,14%,12-14°C,"Apricot skin, tea, resin","Roast fowl, aged cheeses",0.6,0.04,0.5,0.7,draft
Death,III,Unrecognizable. The point entirely.,1,Elizabeth Semillon,"Mount Pleasant, Hunter Valley","Unrecognizable, in the best way. Hunter Semillon is picked lean and sharp at barely eleven degrees, then does its transformation in glass: a decade later the same wine pours toast, honey, and lanolin, as if oak had been involved. It never was. The stranger in the mirror is still you.",Semillon,"White, aged unoaked",2014,11%,9-11°C,"Toast, honey, lemon curd","Roast chicken, aged cheddar",0.85,0.05,0.05,0.35,draft
Temperance,I,The middle path. Hardest won.,1,Hermitage,"Jean-Louis Chave, Rhône","The middle took the most skill. The Chave family has worked the Hermitage hill since 1481, blending parcels from every slope into one wine, no cuvées, no extremes, five centuries of practice at the exact center. Power and perfume in equal pour. Restraint, mastered, tastes like this.",Syrah,"Red, Hermitage",2018,13.5%,"16-17°C, decant 1 hr","Blackberry, iris, smoke","Venison, beef daube",0.65,0.05,0.65,0.7,draft
Temperance,II,The measured mix. Seamless.,1,La Crau,"Vieux Télégraphe, Châteauneuf-du-Pape","Many parts, one purpose. On the stony plateau of La Crau, Vieux Télégraphe folds Grenache, Mourvèdre, Syrah, and friends into a single measured pour where no grape ever takes the microphone. The blend is the message. Seams sold separately, and never in stock.",GSM blend,"Red, Châteauneuf-du-Pape",2019,14.5%,16-17°C,"Raspberry, garrigue, stone","Lamb, ratatouille",0.6,0.06,0.55,0.75,draft
Temperance,III,"Time, doing the work. Patient soul.",1,Viña Tondonia Blanco Reserva,"López de Heredia, Rioja","Time smooths what force cannot. López de Heredia's white Reserva spends years upon years in old American oak, racked by hand, hurried by no one, emerging a decade on as something golden and calm that force could never fake. The recipe is patience. The yield is peace.",Viura blend,"White, aged traditional Rioja",2012,12.5%,11-13°C,"Dried apple, nuts, beeswax","Roast fish, jamón",0.7,0.04,0.1,0.6,draft
Temperance,IV,Raised together. It shows in the ease.,1,Old Vine Zinfandel,"Bedrock Wine Co., California","What grows up together gets along. California's heritage vineyards were planted as true field blends, Zinfandel interleaved with a dozen dark companions, all picked and fermented as one because that was the point. Bedrock keeps those old rows alive. The harmony was planted in, generations ago.",Zinfandel blend,"Red, heritage field blend",2021,14.5%,15-16°C,"Brambleberry, pepper, sage","Barbecue, roast pork",0.6,0.08,0.5,0.75,draft
The Devil,I,The second round. Inevitable.,1,The Prisoner,"The Prisoner Wine Co., Napa","The first one was never going to be enough; this blend was engineered on that exact premise. The Prisoner built plush, dark, just-sweet-enough irresistibility into a brand so potent it sold for roughly 285 million dollars. Resistance was always the wrong investment. Glasses empty themselves around here.",Zinfandel blend,"Red, plush blend",2021,15.2%,16°C,"Ripe berry, mocha, vanilla","Burgers, barbecue",0.45,0.25,0.5,0.85,draft
The Devil,II,Expensive tastes. Money well spent.,1,Syrah,"Sine Qua Non, California","Some chains look a lot like luxury. Sine Qua Non renames and redraws every release, Manfred Krankl's artwork on each label, and the waiting list for an allocation runs the better part of a decade. People wait anyway. Obsession, it turns out, cellars beautifully.",Syrah,"Red, cult allocation",2019,15.5%,16-17°C,"Blueberry, violet, smoked meat","Short rib, au poivre",0.5,0.1,0.6,0.95,draft
The Devil,IV,The gorgeous fake. Savor it.,1,Península Palo Cortado,"Lustau, Jerez","Some things are better when they aren't real. Palo Cortado is sherry's beautiful impossibility: born under flor as a fino, abandoned by its veil, finished as something neither fino nor oloroso, a category that exists because a cask once lied. Nutty, saline, elegant. The forgery outclassed the originals.",Palomino,Palo Cortado sherry,NV,19%,12-14°C,"Hazelnut, citrus peel, caramel","Consommé, aged Gouda",0.65,0.08,0.05,0.6,draft
The Tower,I,"The match, handed over. Gladly.",1,Initial,"Jacques Selosse, Champagne","Matter of fact, hand me the match: Anselme Selosse lit Champagne's old order on fire by treating it as wine, not process, farming Avize like Burgundy and letting oxygen and oak into the temple. The big houses called it heresy. An entire generation of growers calls it year one.",Chardonnay,"Grower Champagne, oxidative",NV,12.5%,10-12°C,"Baked apple, praline, chalk","Aged Comté, roast poultry",0.7,0.1,0.05,0.6,draft
The Tower,II,The survivor. Noted.,1,Napa Valley Cabernet,"Frog's Leap, Rutherford","What should have been the end wasn't. In August 2014 the South Napa earthquake threw barrels from their racks weeks before harvest; growers swept glass, patched tanks, and brought the vintage in anyway. Frog's Leap's Rutherford Cabernet from that year drinks calm as ever. Structural integrity, in every sense.",Cabernet Sauvignon,"Red, Napa Cabernet",2014,13.9%,16-17°C,"Cassis, dust, dried herbs","Lamb, hard cheeses",0.6,0.05,0.6,0.7,draft
The Tower,III,"The illusion, gone. Better this way.",1,Polish Hill Riesling,"Grosset, Clare Valley","Once seen, impossible to unsee. In 2000 Jeffrey Grosset led Clare Valley's Rieslings out of cork entirely, sealing serious wine under screwcap while the old guard gasped; the corked-bottle mystique never recovered. Polish Hill is the argument itself: lime, slate, absolute precision. No veil, no flaw, no going back.",Riesling,"White, dry screwcap pioneer",2022,12.8%,8-10°C,"Lime, slate, white flowers","Ceviche, Thai fish",0.9,0.03,0.05,0.35,draft
The Star,I,A clear sky at last. Breathe.,1,Torrontés,"Colomé, Salta","Clarity is its own comfort. Colomé farms some of the highest vineyards on the planet, thin Andean air above two thousand metres where sunlight pours uninterrupted and the nights run cold. The Torrontés comes down crystalline: white flowers, mountain water, sky. Exhale accordingly.",Torrontés,"White, high-altitude aromatic",2022,13%,8-10°C,"White flowers, peach, citrus","Ceviche, soft cheeses",0.7,0.08,0.05,0.45,draft
The Star,II,"Hope, the durable kind. Proven.",1,Château Musar Rouge,"Bekaa Valley, Lebanon","Even ruins get a morning. Château Musar kept harvesting through fifteen years of civil war, trucking grapes past the front lines, losing only a vintage or two to the fighting. The wine outlived the war and became Lebanon's calling card. Hope, bottled annually, against considerable odds.",Cabernet-Cinsault blend,"Red, aged Lebanese",2016,14%,16-17°C,"Dried fig, cedar, spice","Lamb tagine, aged cheeses",0.65,0.08,0.5,0.7,draft
The Star,III,The guiding light. Follow on.,1,Munjebel Rosso,"Frank Cornelissen, Etna","Purpose steadies everything it touches. Frank Cornelissen left a wine-trading career for Etna's north face to chase a single idea: wine with nothing added and nothing taken, farming so pure the bottle is only a lens. Munjebel is that conviction, poured. The star he steers by never moves.",Nerello Mascalese,"Red, natural volcanic",2021,14%,15-16°C,"Wild cherry, blood orange, ash","Grilled vegetables, rare tuna",0.7,0.05,0.4,0.55,draft
The Star,IV,Generosity repaid forward. Shine on.,1,Napa Valley Cabernet Sauvignon,"Robert Mondavi Winery, Napa","Wisdom shared loses nothing. Robert Mondavi ran his winery like an open university, publishing research, hosting rivals, training a generation who went on to build Napa around him. The flagship Cabernet still carries the founding idea: excellence is worth more once everyone can reach it.",Cabernet Sauvignon,"Red, benchmark Napa",2019,14.5%,16-17°C,"Cassis, cedar, cocoa","Steak, mushroom dishes",0.6,0.05,0.6,0.75,draft
The Moon,I,The shapeshifter. Watch closely.,1,Gevrey-Chambertin,"Domaine Armand Rousseau, Burgundy","Never quite the same twice. Great Burgundy is the cellar's registered shapeshifter, and Rousseau's Gevrey is its reference specimen: cherries and roses one hour, undergrowth and iron the next, a different wine by midnight. Watch the glass, not the clock. It moves when you don't.",Pinot Noir,"Red, village Burgundy",2020,13%,15-16°C,"Cherry, rose, forest floor","Duck, coq au vin",0.7,0.04,0.45,0.55,draft
The Moon,II,Pulled by the unseen. So are we all.,1,Clos de la Coulée de Serrant,"Nicolas Joly, Savennières","Pulled by something that can't be seen. The Coulée de Serrant has been under vine since monks planted it in the twelfth century; Nicolas Joly farms it by the lunar calendar, horn and cow dung and celestial timing, biodynamics at its most unapologetic. The tide is invisible. The wine, undeniably, moves.",Chenin Blanc,"White, biodynamic monopole",2019,14%,"12-14°C, open early","Quince, herbs, wax","Rich fish, poultry in cream",0.7,0.08,0.1,0.7,draft
The Moon,IV,"The dark, trusted. It repays.",1,Arbois Poulsard,"Domaine Tissot, Jura","Some things only make sense without the light. Poulsard pours so pale it reads as rosé, then lands with the savory grip of a red; served blind, it dismantles every assumption the eyes would have supplied. Cranberry, iron, orange peel. The dark tells you more than the label ever did.",Poulsard,"Red, pale Jura",2021,12.5%,"13-14°C, light chill","Cranberry, iron, orange peel","Charcuterie, mushroom tart",0.75,0.04,0.25,0.35,draft
The Sun,I,The golden year. Nothing but yes.,1,Château Batailley,"Pauillac, Bordeaux","Some years simply go right. 2009 gave Bordeaux a growing season of storybook sunshine, ripening everything easily and evenly, a vintage critics reached for superlatives to describe. Batailley bottled that ease: warm cassis, round tannin, generosity without a catch. The sun did say yes.",Cabernet blend,"Red, sunny-vintage Pauillac",2009,13.5%,17°C,"Cassis, tobacco, warm earth","Roast beef, lamb",0.55,0.05,0.65,0.75,draft
The Sun,II,"Warmth, unhurried. Stay a while.",1,Woodcutter's Shiraz,"Torbreck, Barossa Valley","The warm ones never rush. Barossa sunshine soaks old, dry-grown Shiraz until the fruit turns dark and easy; Torbreck bottles it whole, plush and open on arrival, no waiting period, no fine print. A long afternoon, decanted. Leaving early would be rude.",Shiraz,"Red, Barossa",2021,14.5%,16°C,"Blackberry, plum, clove","Barbecue, braises",0.5,0.08,0.55,0.85,draft
The Sun,III,Simple joy. The honest kind.,1,By.Ott Rosé,"Domaines Ott, Provence","The best pleasures skip the fine print. Provence rosé asks for nothing: pale as late light, cool as the shade, gone before the question of seriousness comes up. Domaines Ott has made the style's benchmark for a century. Peach, salt, sunshine. That's the whole contract.",Grenache-Cinsault blend,"Rosé, Provence",2023,13%,8-10°C,"Peach, citrus, salt","Salade niçoise, grilled fish",0.65,0.05,0.05,0.35,draft
The Sun,IV,The celebration. Well lit.,1,Cuvée Prestige,"Ca' del Bosco, Franciacorta","Joy insists on company. Franciacorta is Italy's grand answer to Champagne, and Ca' del Bosco makes it with famous extravagance, every grape washed and chilled in a 'berry spa' before pressing. The result sparkles like applause: golden apple, cream, lift. Success, audibly opening.",Chardonnay blend,"Sparkling, Franciacorta",NV,12.5%,8-10°C,"Golden apple, cream, citrus","Fried appetizers, risotto",0.7,0.1,0.05,0.5,draft
Judgement,I,"History, corrected. Overdue.",1,Artemis Cabernet Sauvignon,"Stag's Leap Wine Cellars, Napa","History reserves the right to change its mind. In Paris, 1976, French judges tasted blind and ranked Stag's Leap's Cabernet above first-growth Bordeaux, a verdict that rewrote the world's wine map in an afternoon. Artemis descends from that reckoning: dark, polished, and carrying the receipts.",Cabernet Sauvignon,"Red, Napa Cabernet",2021,14.5%,16-17°C,"Black cherry, cocoa, bay","Steak, roast duck",0.6,0.05,0.6,0.75,draft
Judgement,II,The reconsideration. Granted.,1,Clisson,"Domaine de la Pépière, Muscadet","Dismissed was never the final word. Muscadet spent decades sentenced to the oyster bar, cheap and forgettable; then growers like Pépière aged it long on the lees over granite, and the appellation won France's blessing for true crus. Clisson is the appeal, upheld: saline, dense, built to age.",Melon de Bourgogne,"White, cru Muscadet",2020,12%,9-11°C,"Lemon pith, stone, brine","Oysters, white fish",0.85,0.03,0.05,0.45,draft
Judgement,III,The resurrection. Witnessed.,1,Mt. Veeder Cabernet,"Mayacamas, Napa Valley","Ruin was only intermission. The stone winery at Mayacamas went up in 1889, fell silent, and was revived more than once, most recently restored with its old-school soul intact: mountain Cabernet aged in ancient oak, austere and patient as ever. The bell rang again. Same voice, second life.",Cabernet Sauvignon,"Red, mountain Cabernet",2018,13.5%,"17°C, decant 1 hr","Red currant, gravel, herbs","Lamb, aged cheeses",0.65,0.04,0.7,0.7,draft
Judgement,IV,"The name, restored. Redeemed.",1,Trousseau,"Arnot-Roberts, California","Extinction has exceptions. Trousseau all but vanished from California until Arnot-Roberts began coaxing it back, bottling a red so pale and fragrant it made the forgotten grape a sommelier password. The name is spoken again, in better rooms than it ever knew. Redemption pours translucent.",Trousseau,"Red, pale revival",2022,12.5%,"13-14°C, light chill","Strawberry, rosehip, earth","Charcuterie, salmon",0.75,0.04,0.2,0.35,draft
The World,I,The complete view. At last.,1,Opus One,"Oakville, Napa Valley","Every piece finally in its place. Opus One was drawn up as a completed circle: Robert Mondavi and Baron Philippe de Rothschild, new world and old, one estate speaking both languages in a single blend. Cassis and cedar with a French accent and a California tan. The whole picture, in one frame.",Cabernet blend,"Red, Bordeaux-Napa union",2019,14.5%,"17°C, decant 1 hr","Cassis, cedar, dark chocolate","Filet, lamb",0.6,0.05,0.65,0.8,draft
The World,II,"Earned, every inch. Respect.",1,Barolo Riserva Monfortino,"Giacomo Conterno, Piedmont","The kind of triumph that took the long way. Monfortino spends around seven years in a single great cask before anyone outside the cellar tastes it, the longest road in Barolo, walked on purpose. What emerges needs no introduction and takes no shortcuts. Neither did you, apparently.",Nebbiolo,"Red, Barolo Riserva",2015,14.5%,"17-18°C, decant 2 hrs","Dried rose, tar, red fruit","Brasato, white truffle",0.75,0.04,0.85,0.7,draft
The World,IV,Journey's end. Welcome.,1,La Tâche,"Domaine de la Romanée-Conti, Burgundy","The journey ends where it was always heading. La Tâche is the bottle the entire pilgrimage points toward, a walled monopole whose name closes conversations; there is nowhere further to go from here. Silk, incense, red fruit without gravity. Arrival tastes unhurried. It can afford to be.",Pinot Noir,"Red, grand cru monopole",2018,13.5%,16-17°C,"Red fruit, incense, silk","Squab, quiet company",0.65,0.04,0.55,0.6,draft
Ace of Wands,I,The first of its kind. Auspicious.,1,Cabernet Sauvignon,"Ashes & Diamonds, Napa","Firsts carry a thrill nothing repeats, and Ashes & Diamonds bottled it: a debut Napa winery that showed up in 2017 wearing retro labels and a fresh thesis, lower ripeness, brighter lines, old-school Napa reborn as the new kid. First releases only happen once. This one knew it.",Cabernet Sauvignon,"Red, new-wave Napa",2019,13.5%,16°C,"Red currant, herbs, cedar","Roast chicken, flank steak",0.65,0.04,0.55,0.65,draft
Ace of Wands,II,Raw voltage. Careful now.,1,Albariño,"Pazo Señorans, Rías Baixas","Energy this fresh can't sit still. Albariño grows a stone's throw from the Atlantic, and Pazo Señorans bottles the charge intact: sea spray, green apple, a current of acidity that hums against the glass. No oak, no waiting, no chaperone. Mind the live wire.",Albariño,"White, Atlantic",2022,12.5%,8-10°C,"Green apple, citrus, sea spray","Shellfish, ceviche",0.85,0.05,0.05,0.4,draft
Ace of Wands,III,The fresh spark. Feed it.,1,Evangelho Heritage,"Bedrock Wine Co., Contra Costa","Inspiration is contagious. The Evangelho vineyard is a nineteenth-century jumble of varieties growing on their own roots in beach sand, and every Bedrock bottling from it reads like a new idea catching: bright, spicy, unrepeatable. One sip starts three conversations. Kindling works that way.",Zinfandel-Carignane blend,"Red, heritage field blend",2021,13.5%,14-15°C,"Red berry, spice, dust","Grilled sausage, pizza",0.65,0.06,0.4,0.6,draft
Ace of Wands,IV,"Potential, spotted early. Keen eye.",1,Barolo Albe,"G.D. Vajra, Piedmont","Greatness starts as a hint. Young Barolo shows its future the way a spark shows a fire: perfume first, structure underneath, everything still coiled. Vajra's Albe is built for exactly this glimpse, roses and tar in miniature, decades folded inside. The hint is broad. Take it.",Nebbiolo,"Red, young Barolo",2019,14.5%,"17°C, decant 1 hr","Rose, cherry, tar","Braised meats, risotto",0.7,0.05,0.7,0.6,draft
Two of Wands,I,"Old and new, both kept. Shrewd.",1,Barolo,"Pio Cesare, Piedmont","The past and the future can share a table; Pio Cesare set one. The house ages Barolo in both big old casks and French barriques, a foot planted deliberately in each century since the family began in 1881. Neither tradition surrendered. The blend of eras is the signature.",Nebbiolo,"Red, classic-modern Barolo",2018,14%,"17°C, decant 1 hr","Cherry, tar, vanilla spice","Braised beef, tajarin",0.7,0.05,0.7,0.65,draft
Two of Wands,II,"Two futures, still open. Enjoy the view.",1,Reserva,"Bodegas Muga, Rioja","Two futures, both still open: Rioja split over oak a generation ago, tradition's long American-barrel naps against a fresher French-oak path, and never fully chose. Muga walks the second road with the first in view, blending both coopers under one roof. The debate continues. Deliciously.",Tempranillo blend,"Red, modern-classic Rioja",2019,14%,16°C,"Red plum, vanilla, tobacco","Lamb chops, Manchego",0.65,0.05,0.55,0.65,draft
Two of Wands,III,Early promise. It compounds.,1,The Bard,"Realm Cellars, Napa Valley","Promise shows itself ahead of proof. Realm nearly collapsed in its first decade, lost fruit, lost money, kept planning, and The Bard became the swagger of the second act: a Napa blend from a house that mapped its ambitions before it owned a single vine. The map held. Early backers smile widest.",Cabernet blend,"Red, Napa blend",2021,14.8%,"17°C, decant 30 min","Dark plum, cocoa, sage","Ribeye, short rib",0.55,0.06,0.65,0.85,draft
Two of Wands,IV,The far horizon. It calls back.,1,Promis,"Gaja Ca' Marcanda, Bolgheri","Somewhere else keeps calling. After five generations mastering Piedmont, the Gaja family answered the coast, buying Bolgheri land in 1996 to see what their hands could do with maritime Tuscany. Promis is the postcard home: dark cherry, sea herbs, no regrets. The horizon, it turns out, was fully stocked.",Merlot-Syrah blend,"Red, coastal Tuscan",2021,14%,16°C,"Dark cherry, herbs, spice","Grilled meats, pasta",0.6,0.05,0.55,0.7,draft
Three of Wands,I,Expansion. As planned.,1,Abstract,"Orin Swift, California","What worked here works out there. Dave Phinney built and sold wine brands the way others build houses, The Prisoner among them, then kept expanding under Orin Swift with vineyards gathered across whole regions. Abstract pulls Grenache and friends from everywhere at once. The map keeps growing. So does the blend.",Grenache blend,"Red, multi-region blend",2021,15%,16°C,"Black raspberry, mocha, spice","Barbecue, burgers",0.5,0.1,0.55,0.85,draft
Three of Wands,II,"The ships, returning. Right on time.",1,Late Bottled Vintage Port,"Taylor Fladgate, Douro","The long routes made the legends. Port exists because wine had to survive the sea, fortified in Oporto so it could cross oceans and arrive richer than it left; Taylor's has shipped it since 1692. The LBV keeps that cargo spirit: dark, sweet, well-traveled. The horizon pays its debts.",Touriga blend,"Fortified, LBV Port",2018,20%,16-18°C,"Black plum, chocolate, spice","Stilton, chocolate desserts",0.5,0.75,0.5,0.85,draft
Three of Wands,III,"Patience, repaid. In full.",1,Gran Reserva 904,"La Rioja Alta, Rioja","Patience got exactly what it ordered. The 904 spends years in cask and more in bottle before the house lets it leave, released only when the promise it showed young has been fully kept. What returns is silk and sandalwood, tobacco and dried cherry. The foresight was the hard part. The reward pours easily.",Tempranillo,"Red, Gran Reserva Rioja",2011,14.5%,16°C,"Dried cherry, sandalwood, tobacco","Roast lamb, jamón",0.7,0.04,0.5,0.6,draft
Three of Wands,IV,Known everywhere. Deservedly.,1,Malbec,"Catena, Mendoza","Good news travels fluently. Malbec was a fading Bordeaux afterthought until Argentina raised it at altitude and the Catena family carried it to every wine list on earth, a grape reborn as a country's calling card. The flagship bottling is the passport: violet, plum, high-mountain freshness. Borders, cleared.",Malbec,"Red, high-altitude Mendoza",2021,13.5%,16°C,"Violet, plum, cocoa","Steak, empanadas",0.6,0.06,0.55,0.75,draft
Four of Wands,I,The full celebration. Begin.,1,Crede Prosecco Superiore,"Bisol, Valdobbiadene","Joy is louder shared. Real Prosecco Superiore comes off steep Valdobbiadene hillsides, not flatland tanks, and Bisol has farmed them since the sixteenth century; Crede is the hills in party dress, pear blossom and lift. The cork was designed to be heard across the room. Let it.",Glera,"Sparkling, Prosecco Superiore",NV,11.5%,6-8°C,"Pear, white flowers, citrus","Prosciutto, fried snacks",0.65,0.25,0.05,0.35,draft
Four of Wands,II,Open doors. The best kind of house.,1,Fleurie Les Moriers,"Domaine Chignard, Beaujolais","The best gatherings run on ease, and Fleurie was built for them: the friendliest of the Beaujolais crus, floral by name and nature. Chignard's old vines on Les Moriers add just enough seriousness to keep the conversation going past midnight. Nobody checks the time in this house.",Gamay,"Red, cru Beaujolais",2021,13%,"14°C, light chill","Iris, red cherry, spice","Charcuterie, roast chicken",0.7,0.05,0.35,0.45,draft
Four of Wands,III,Deep foundations. Rest easy.,1,Riesling,"Trimbach, Alsace","Stability is the quiet luxury. The Trimbach family has made Riesling in the same Alsatian village since 1626, thirteen generations of the same dry, chiseled house style through wars, borders, and fashion. The yellow label means what it meant a century ago. Foundations like that pour steadily.",Riesling,"White, dry Alsace",2021,13%,9-11°C,"Lemon, stone, white pepper","Choucroute, roast trout",0.8,0.04,0.05,0.45,draft
Four of Wands,IV,"A date worth keeping. Forever, in fact.",1,Vintage Port,"Fonseca, Douro","Some dates get kept forever. Vintage Port is only declared in exceptional years, a handful each decade, and those bottles become the ones bought for births and weddings, opened decades later with the same people. Fonseca's is among the greatest of the tradition. The calendar keeps score. So does the cellar.",Touriga blend,"Fortified, Vintage Port",2017,20%,"16-18°C, decant","Cassis, violet, dark chocolate","Stilton, walnuts",0.55,0.8,0.7,0.95,draft
Five of Wands,I,"The friction. Productive, actually.",1,Saint-Joseph,"Pierre Gonon, Rhône","Friction means everyone showed up. Young Gonon Saint-Joseph arrives with everything arguing at once, granite grip, wild dark fruit, iron, pepper, none of it yet willing to yield the floor. The argument is the energy. Give it air and listen to the ideas sort themselves out.",Syrah,"Red, Northern Rhône",2021,13%,15-16°C,"Blackberry, pepper, iron","Grilled lamb, sausages",0.7,0.04,0.6,0.65,draft
Five of Wands,II,Healthy rivalry. Everyone improves.,1,Sorì Ginestra,"Conterno Fantino, Monforte d'Alba","Rivalry raises everyone's game. In Monforte d'Alba a dozen serious houses farm the same famous slopes, each certain their row of Ginestra says it best; Conterno Fantino's version argues with polish and dark perfume. Nobody in the village coasts. The hill won't allow it.",Nebbiolo,"Red, cru Barolo",2018,14.5%,"17°C, decant 1 hr","Black cherry, licorice, rose","Braised beef, aged cheeses",0.7,0.05,0.75,0.65,draft
Five of Wands,III,Strong opinions. The fun kind.,1,Tannat,"Bodega Garzón, Uruguay","The interesting ones split the room. Tannat is Uruguay's national grape and nobody's neutral pour: dense, dark, gripping, adored and protested at the same table. Garzón grows it on granite by the Atlantic and softens exactly none of its convictions. Pick a side. Refills for both camps.",Tannat,"Red, Uruguayan",2020,14.5%,16-17°C,"Black fruit, cocoa, graphite","Grilled beef, hard cheeses",0.6,0.05,0.75,0.85,draft
Five of Wands,IV,Quarreling with the rulebook. Justified.,1,Le Pergole Torte,"Montevertine, Tuscany","Some arguments improve the world. Sergio Manetti quit the Chianti Classico consortium rather than blend as the rules demanded, bottling pure Sangiovese as a lowly table wine out of spite and conviction. Le Pergole Torte became a Tuscan icon anyway. The rulebook lost the argument. Everyone drinks better for it.",Sangiovese,"Red, iconoclast Tuscan",2019,13.5%,16-17°C,"Sour cherry, rose, iron","Bistecca, wild boar ragù",0.75,0.04,0.65,0.6,draft
Six of Wands,I,Acclaim. Overdue and accurate.,1,Único,"Vega Sicilia, Ribera del Duero","Acclaim finds the deserving eventually. Único has been Spain's most decorated wine for the better part of a century, aged around a decade before release and ranked with the world's greats every time critics line up. The laurels arrive on schedule now. They were earned before anyone was looking.",Tempranillo blend,"Red, Spanish flagship",2012,14%,"17°C, decant 1 hr","Dark cherry, cedar, spice","Roast lamb, aged cheeses",0.65,0.05,0.7,0.75,draft
Six of Wands,II,Triumph after the hard years. Sweeter.,1,Volnay,"Marquis d'Angerville, Burgundy","The struggle made the triumph sweeter. Hail hammered Volnay three vintages running in the twenty-tens, whole crops shredded in minutes; when generous years finally returned, d'Angerville's silken, red-fruited Volnay tasted like a village exhaling. Victory after loss pours differently. Better, mostly.",Pinot Noir,"Red, Volnay",2018,13%,15-16°C,"Red cherry, rose, silk","Duck breast, mushroom dishes",0.7,0.04,0.45,0.55,draft
Six of Wands,III,Public victory. Take the applause.,1,Cuvée de Réserve,"Pierre Péters, Champagne","Success is best public. Grower Champagne spent decades as an insider's secret; Pierre Péters helped drag it onto the main stage, Chardonnay from grand cru Le Mesnil now poured at the world's celebrations alongside the famous houses. The applause found the right address. Stand up, glass high.",Chardonnay,Blanc de Blancs Champagne,NV,12%,8-10°C,"Citrus, chalk, white flowers","Oysters, celebration",0.8,0.08,0.05,0.45,draft
Six of Wands,IV,The track record. It speaks.,1,Monte Bello,"Ridge Vineyards, Santa Cruz Mountains","Getting better is a habit. Monte Bello has been made from the same mountain since 1962, and tasting down the vintages reads like a winning streak: the 1971 placed in Paris, then won the famous thirty-year rematch outright. The record speaks in complete sentences. The current release is another one.",Cabernet blend,"Red, mountain Cabernet",2019,13.5%,"17°C, decant 1 hr","Blackcurrant, gravel, bay","Beef, aged Gouda",0.65,0.04,0.7,0.75,draft
Seven of Wands,I,The stand. Unmoved.,1,Meursault,"Domaine Roulot, Burgundy","Conviction doesn't rotate with fashion. When white Burgundy chased butter and new oak, Jean-Marc Roulot held Meursault to its stony, saline core, defending the vineyard's actual voice against the era's applause. Fashion circled back to him, as it does. The ground never moved. He was standing on it.",Chardonnay,"White, precise Meursault",2020,13%,11-13°C,"Lemon, hazelnut, salt","Roast fish, poultry in cream",0.75,0.04,0.05,0.55,draft
Seven of Wands,II,"Distinct, on purpose. Rare nerve.",1,Reuilly Blanc,"Domaine de Reuilly, Loire","Distinct beats familiar in the long run. Reuilly grows Sauvignon Blanc twenty miles from Sancerre's fame at half the price and none of the imitation, holding its own chalky, nettle-bright ground against the neighbor everyone can pronounce. Standing apart takes nerve. It also takes the table's attention.",Sauvignon Blanc,"White, Loire",2022,13%,9-11°C,"Nettle, citrus, chalk","Goat cheese, garden salads",0.8,0.04,0.05,0.4,draft
Seven of Wands,III,"The odds, defied. Again.",1,Marienburg Riesling,"Clemens Busch, Mosel","The hard-won kind lasts. Clemens Busch farms the Marienburg's grey slate by hand on slopes that would qualify as climbing walls, organically, where one slip costs a season. Every vintage is the odds defied again. The Riesling tastes of exactly that: tension, minerality, and refusal.",Riesling,"White, steep-slope Mosel",2021,12.5%,9-11°C,"Yellow plum, slate, herbs","Trout, pork schnitzel",0.8,0.15,0.05,0.45,draft
Seven of Wands,IV,The rescue. Someone had to.,1,Teroldego,"Foradori, Trentino","What's worth saving finds defenders. Teroldego was collapsing into anonymous co-op juice when Elisabetta Foradori spent decades rebuilding the grape vine by vine from old cuttings, standing between a variety and its disappearance. The rescue took a career. The wine, dark and alpine and alive, says it was worth one.",Teroldego,"Red, alpine",2021,13%,15-16°C,"Black raspberry, alpine herbs, iron","Speck, mushroom risotto",0.7,0.04,0.5,0.6,draft
Eight of Wands,I,"Speed, chosen. Keep up.",1,Beaujolais Nouveau,"Domaine Dupeuble, Beaujolais","Fresh is a flavor of its own. Nouveau goes from vine to glass in about six weeks, released by law on the third Thursday of November, wine moving as fast as wine is allowed to move. Dupeuble's is the real thing: violet, banana blossom, pure velocity. It won't wait. That's the charm.",Gamay,"Red, Nouveau",2024,12.5%,"13°C, light chill","Violet, red berry, candy","Charcuterie, casual everything",0.7,0.06,0.2,0.35,draft
Eight of Wands,II,Caught mid-flight. Quick eye.,1,Pinot Grigio,"Alois Lageder, Alto Adige","The good stuff moves quickly. Alpine Pinot Grigio is picked bright, raised in steel, and out the door while the fruit still crackles; Lageder farms it biodynamically and bottles the velocity. Six months slower and the point would be gone. Catch it now. It was never going to linger.",Pinot Grigio,"White, alpine",2023,12.5%,8-10°C,"Pear, citrus, alpine air","Antipasti, light fish",0.7,0.05,0.05,0.4,draft
Eight of Wands,III,The fast current. Ride it.,1,Sauvignon Blanc,"Greywacke, Marlborough","Some energies refuse to idle. Marlborough Sauvignon made New Zealand's name at a sprint, and Greywacke, founded by Cloudy Bay's original winemaker, keeps the pace honest: passionfruit and lime moving at full current, acidity like a tailwind. Momentum in a glass, going one direction. Forward.",Sauvignon Blanc,"White, Marlborough",2023,13%,8-10°C,"Passionfruit, lime, blackcurrant leaf","Green herbs, goat cheese",0.85,0.06,0.05,0.4,draft
Nine of Wands,I,The long watch. Nearly done.,1,Château Gruaud Larose,"St-Julien, Bordeaux","What survived the years earned them. A 1990 Gruaud Larose has stood watch for over three decades and still holds its posture: fruit gone noble, tannins worn smooth like old armor, vigilance mellowed into wisdom. Nearly done is not done. There's watch left in it yet.",Cabernet blend,"Red, mature St-Julien",1990,12.5%,"17°C, decant gently","Tobacco, cedar, dried currant","Roast beef, mushrooms",0.6,0.04,0.55,0.65,draft
Nine of Wands,II,"Toughness, chosen. It was earned first.",1,Assyrtiko,"Hatzidakis, Santorini","Tough places breed tough character. Santorini's vines grow coiled into ground-hugging baskets against wind that would strip anything upright, ungrafted, on volcanic ash, some for centuries. Hatzidakis bottles the endurance: saline, austere, unbendable. The scars are structural. So is the strength.",Assyrtiko,"White, volcanic island",2021,14%,10-12°C,"Lemon, flint, sea salt","Grilled fish, feta",0.9,0.03,0.05,0.55,draft
Nine of Wands,III,Defenses up. For good reason.,1,Madiran,"Château d'Aydie, Southwest France","Good defenses take years to soften. Madiran's Tannat throws up walls of tannin in youth, structure so firm the region invented micro-oxygenation just to negotiate with it; d'Aydie lets time do most of the talking instead. The guard drops eventually. What it was protecting proves worth it.",Tannat,"Red, Madiran",2018,14%,"17°C, decant 1 hr","Dark plum, tobacco, earth","Duck confit, cassoulet",0.6,0.05,0.8,0.8,draft
Nine of Wands,IV,The last stretch. Hold steady.,1,Nuits-Saint-Georges Les Saint-Georges,"Robert Chevillon, Burgundy","So close the wait turns sweet. Chevillon's Nuits-Saint-Georges spends a decade guarding itself, structured, watchful, giving little, then begins to open into dark cherry and undergrowth right at the line. The last stretch is where cellars earn their keep. Steady. Almost.",Pinot Noir,"Red, premier cru",2015,13%,15-16°C,"Dark cherry, undergrowth, spice","Game birds, beef bourguignon",0.65,0.04,0.6,0.6,draft
Ten of Wands,I,The full weight. Carried anyway.,1,Amarone della Valpolicella,"Giuseppe Quintarelli, Veneto","Density is its own achievement. Quintarelli's Amarone carries everything at once, dried fruit, spice, sweetness, warmth, seven years of cask and a lifetime of method pressed into one pour that borders on too much and never crosses. The weight is the point. Someone carried it all the way here.",Corvina blend,"Red, monumental Amarone",2013,16.5%,"17°C, small pours","Dried cherry, fig, balsamic","Braised oxtail, aged cheeses",0.55,0.2,0.6,1.0,draft
Ten of Wands,II,"All of it, by hand. Felt in every drop.",1,Tokaji Aszú 5 Puttonyos,"Royal Tokaji, Hungary","Some work cannot be delegated. Aszú berries are picked one at a time, each shriveled grape judged and lifted by hand, basket after basket, to make a single golden bottle. Royal Tokaji turns that labor into apricot, saffron, and honeyed light. Count the berries if you like. Someone did.",Furmint,"Sweet, botrytis Tokaji",2017,11%,10-12°C,"Apricot, saffron, honey","Blue cheese, fruit tarts",0.8,0.9,0.05,0.7,draft
Ten of Wands,III,The hard year. It left its mark.,1,Gevrey-Chambertin,"Domaine Fourrier, Burgundy","Struggle leaves fingerprints. The April frost of 2016 burned through Burgundy's buds overnight and left growers harvesting fractions of a crop; what Fourrier saved from Gevrey that year is concentrated, sinewed, marked by the effort. The burden shows in the glass. It reads as depth.",Pinot Noir,"Red, frost-year Burgundy",2016,13%,15-16°C,"Dark cherry, iron, rose","Duck, beef cheek",0.7,0.04,0.5,0.6,draft
Page of Wands,I,"Somewhere new, then. Off we go.",1,Saperavi,"Pheasant's Tears, Georgia","The unfamiliar is an invitation. Saperavi is Georgia's ancient ink-dark grape, fermented in buried qvevri by a winery an American painter co-founded after one trip too many fell in love with the place. Eight thousand vintages of somewhere new. The road accepts. Pack light.",Saperavi,"Red, qvevri Georgian",2021,13%,15-16°C,"Blackberry, pomegranate, earth","Grilled meats, khachapuri",0.7,0.05,0.6,0.7,draft
Page of Wands,II,The experiment. Gleefully so.,1,Pithos Rosso,"COS, Sicily","Curiosity makes its own rules. COS ferments Pithos in clay amphorae sunk in the earth, no oak, no steel, an experiment borrowed from antiquity and run with a grin in modern Vittoria. Crunchy red fruit, herbs, a texture nothing else makes. Hypothesis confirmed: this is fun.",Nero d'Avola-Frappato,"Red, amphora",2021,12.5%,"14-15°C, light chill","Sour cherry, herbs, clay","Grilled vegetables, tuna",0.7,0.04,0.35,0.5,draft
Page of Wands,III,Unfiltered enthusiasm. Refreshing.,1,Tavel La Dame Rousse,"Domaine de la Mordorée, Rhône","Energy forgives inexperience. Tavel is France's only appellation devoted entirely to rosé, and it refuses the pale-and-polite fashion: Mordorée's pours nearly red, loud with strawberry and spice, all enthusiasm and no apology. Youth, bottled at full volume. It grows on everyone.",Grenache-Cinsault blend,"Rosé, full-bodied Tavel",2022,13.5%,10-12°C,"Strawberry, watermelon, spice","Grilled chicken, aioli",0.65,0.06,0.15,0.55,draft
Page of Wands,IV,The strange perfume. Follow it.,1,Gewurztraminer,"Hugel, Alsace","Some first impressions demand answers. Gewurztraminer opens with lychee and rose where wine has no business keeping either, a perfume so strange the first encounter is usually a double take; Hugel has bottled the question since 1639. Follow the scent. Curiosity is the correct response.",Gewurztraminer,"White, aromatic Alsace",2021,14%,9-11°C,"Lychee, rose, ginger","Thai curry, Munster",0.45,0.2,0.05,0.6,draft
Knight of Wands,I,The grand entrance. As expected.,1,The Dead Arm Shiraz,"d'Arenberg, McLaren Vale","Boldness announces itself, starting with the name: the Dead Arm is a vine disease that kills half the plant and doubles the intensity of what survives, and d'Arenberg leads with it in capital letters. The Shiraz swaggers in dense and dark. Introductions were never going to be needed.",Shiraz,"Red, McLaren Vale",2019,14.5%,16-17°C,"Black plum, licorice, earth","Ribs, game",0.55,0.06,0.7,0.9,draft
Knight of Wands,II,Frontier-bound. Saddle up.,1,Concreto Malbec,"Zuccardi, Uco Valley","The daring get the best views. The Zuccardi family rode Mendoza's frontier upward into the stones of the Uco Valley, building a winery of raw concrete at the foot of the Andes that has been named the world's best more than once. Concreto is the view bottled: rock, altitude, momentum.",Malbec,"Red, high-altitude concrete",2021,14%,16°C,"Black fruit, crushed stone, violets","Grilled steak, lamb",0.65,0.05,0.6,0.75,draft
Knight of Wands,III,Impulse. The good kind.,1,Love Red,"Broc Cellars, California","The best stories start abruptly. Broc bottles Love Red young and eager, carbonic brightness, no oak lectures, a wine that skips deliberation entirely and lands chilled in the glass while fancier plans are still decanting. Impulse, vindicated again. It rarely needed the meeting.",Carignan blend,"Red, chillable natural",2022,12.5%,"13-14°C, chill","Raspberry, flowers, crunch","Tacos, picnic fare",0.7,0.06,0.25,0.45,draft
Knight of Wands,IV,Armed warmth. En garde.,1,Crozes-Hermitage,"Alain Graillot, Rhône","Some warmth arrives armed. Graillot's Crozes leads with black pepper riding dark fruit, Syrah with its spurs still on, charging out of a region everyone underestimated until he made it impossible. The heat has a point to it. Two points, technically. En garde.",Syrah,"Red, peppery Crozes",2021,13%,15-16°C,"Black pepper, blackberry, olive","Steak au poivre, duck",0.7,0.04,0.55,0.65,draft
Queen of Wands,I,"Certainty, worn lightly. Magnetic.",1,Meursault,"Domaine Michelot, Burgundy","Self-assurance reads instantly. Meursault is white Burgundy at its most certain, hazelnut and butter over stone, a wine that has never once wondered whether it belongs at the table; Michelot's holdings run through the village's best sand. It doesn't perform confidence. It just pours with it.",Chardonnay,"White, Meursault",2021,13%,11-13°C,"Hazelnut, butter, citrus","Roast chicken, lobster",0.65,0.05,0.05,0.65,draft
Queen of Wands,II,The warm welcome. Bask.,1,Châteauneuf-du-Pape,"Domaine de la Janasse, Rhône","Generosity is magnetic. Janasse's Châteauneuf leads with Grenache warmth, raspberry and garrigue offered before anyone asks, richness balanced so the welcome never wears. Some wines require winning over. This one had the door open before the knock.",Grenache blend,"Red, Châteauneuf-du-Pape",2020,15%,16-17°C,"Raspberry, garrigue, pepper","Lamb, roast vegetables",0.55,0.08,0.55,0.8,draft
Queen of Wands,III,Her empire. Never doubt a widow.,1,Yellow Label Brut,"Veuve Clicquot, Champagne","Underestimated is a temporary condition. Barbe-Nicole Clicquot was widowed at twenty-seven, took over a small wine house when women couldn't hold bank accounts, invented the riddling table, and ran her Champagne through blockades to Russia. The empire still bears her title: the widow. Doubt her at your expense.",Pinot Noir blend,Brut NV Champagne,NV,12%,8-10°C,"Apple, brioche, citrus","Celebration, fried chicken",0.7,0.12,0.05,0.5,draft
Queen of Wands,IV,Sparkle with depth. The full package.,1,Brunello di Montalcino,"Fuligni, Tuscany","The lively ones still run deep. Fuligni's Brunello opens bright, all vivid cherry and energy, then keeps going down through earth, leather, and long-held warmth. Charm on the surface, gravity underneath, neither pretending the other isn't there. The full package, poured slowly.",Sangiovese,"Red, Brunello",2018,14.5%,"17°C, decant 1 hr","Bright cherry, leather, earth","Bistecca, wild mushroom",0.7,0.05,0.65,0.65,draft
King of Wands,I,"The vision, realized. Salute.",1,Sassicaia,"Tenuta San Guido, Bolgheri","Someone saw all this coming. Mario Incisa della Rocchetta planted Cabernet on Tuscan coastland in the forties when everyone knew it was folly, kept the wine private for decades, then released it and redrew Italian wine; Sassicaia now holds its own DOC, the only single-estate one in Italy. Vision, vindicated. Salute.",Cabernet blend,"Red, Super Tuscan original",2020,14%,"17°C, decant 1 hr","Cassis, Mediterranean herbs, cedar","Beef tagliata, lamb",0.65,0.04,0.65,0.75,draft
King of Wands,II,Command presence. Felt immediately.,1,Insignia,"Joseph Phelps, Napa Valley","Authority is felt before it's explained. Insignia was among the first proprietary Bordeaux-style blends in Napa, a flagship built in 1974 to lead rather than follow, and it has commanded the room for fifty vintages since. Dark, layered, unhurried. The explanation arrives later, if anyone still needs it.",Cabernet blend,"Red, Napa flagship",2019,14.5%,"17°C, decant 1 hr","Black cherry, cassis, espresso","Prime rib, lamb",0.55,0.06,0.7,0.85,draft
King of Wands,III,From nothing to this. Audacious.,1,Le Pin,"Pomerol, Bordeaux","The boldest bets built the biggest names. Le Pin began as a couple of hectares and a farmhouse cellar, no château, no pedigree, just conviction that the little plot was special; it became one of the most valuable wines on earth. Velvet, exotic, absurd. Audacity, fully compounded.",Merlot,"Red, Pomerol garage icon",2015,14%,17°C,"Plum, violet, exotic spice","Squab, quiet awe",0.55,0.05,0.6,0.75,draft
Ace of Cups,I,The open heart. Brave and right.,1,Whispering Angel,"Château d'Esclans, Provence","Beginnings feel exactly like this: pale pink, cool, uncomplicated by history. Whispering Angel carried Provence rosé from local habit to worldwide shorthand for ease, a wine that asks nothing and offers everything at once. First feelings don't need footnotes. Neither does this.",Grenache-Rolle blend,"Rosé, Provence",2023,13%,8-10°C,"Strawberry, citrus, cream","Salads, first dates",0.65,0.06,0.05,0.35,draft
Ace of Cups,II,Overflow. Let it spill.,1,Special Cuvée,"Bollinger, Champagne","What's full past the brim gets shared. Champagne is the overflow made literal, pressure held behind cork until the moment asks for it; Bollinger builds Special Cuvée on reserve wines aged in magnum for extra depth. The cup was never meant to stay level. Pour generously.",Pinot Noir blend,Brut NV Champagne,NV,12%,8-10°C,"Baked apple, brioche, hazelnut","Oysters, roast chicken",0.7,0.1,0.05,0.55,draft
Ace of Cups,III,Instinct. Trust confirmed.,1,Lily's Pét-Nat,"Donkey & Goat, California","Instinct rarely needs editing. Pét-nat gets sealed mid-ferment and finishes in the bottle on feel alone, no corrections, no second-guessing; Donkey & Goat helped pioneer the style's American revival from a Berkeley warehouse. Cloudy, alive, unedited. The gut was right again.",Field blend,Pét-nat sparkling,2022,11.5%,7-9°C,"Green apple, yeast, spritz","Picnics, soft cheeses",0.7,0.12,0.1,0.3,draft
Ace of Cups,IV,Unadorned. Honest choice.,1,Beaujolais L'Ancien,"Jean-Paul Brun, Terres Dorées","The direct approach charms most. Jean-Paul Brun makes Beaujolais the old way, natural yeasts, no cosmetics, Gamay allowed to say exactly one thing clearly: fruit. L'Ancien is red wine with nothing added and nothing to hide. Honesty, chilled slightly, drinks beautifully.",Gamay,"Red, unadorned Beaujolais",2022,12.5%,"13-14°C, light chill","Cherry, raspberry, earth","Roast chicken, charcuterie",0.7,0.05,0.3,0.4,draft
Two of Cups,I,In step. The rarest dance.,1,Mt. Jefferson Cuvée,"Cristom, Willamette Valley","Harmony is two things agreeing. Willamette Pinot lives on the meeting of fruit and earth, and Cristom's Mt. Jefferson keeps them in step through whole-cluster stems and patience, cherry moving with forest floor, neither leading. Partners, not soloists. The dance looks effortless from here.",Pinot Noir,"Red, Willamette Pinot",2021,13.5%,15-16°C,"Cherry, forest floor, spice","Salmon, duck",0.7,0.04,0.4,0.55,draft
Two of Cups,II,For sharing. Naturally paired.,1,Lois Grüner Veltliner,"Fred Loimer, Kamptal","Some pleasures require company. Grüner Veltliner is Austria's table diplomat, peppery and fresh, agreeing with everything from schnitzel to salad, pointless to open alone; Loimer's Lois is the friendliest version of the argument. One glass makes no sense. Two is the recipe.",Grüner Veltliner,"White, Austrian",2022,12%,8-10°C,"White pepper, green apple, lentil","Schnitzel, everything else",0.75,0.05,0.05,0.4,draft
Two of Cups,III,"Equals, met. Toast them both.",1,Seña,"Aconcagua Valley, Chile","The right match doubles everything. Seña began with a handshake between Robert Mondavi and Eduardo Chadwick in 1995, California and Chile as equal partners in one estate, and became the bottle that proved Chilean wine belonged at the top table. Two names, one signature. Both raised the other.",Cabernet blend,"Red, Chilean icon",2019,14%,"17°C, decant 1 hr","Cassis, cedar, fresh herbs","Beef, lamb",0.6,0.05,0.65,0.75,draft
Two of Cups,IV,The exchange. Balanced hearts.,1,Vouvray Sec Le Haut-Lieu,"Domaine Huet, Loire","Difference, met kindly, becomes balance. Chenin carries sweetness and acidity in the same breath, and Huet's dry Haut-Lieu holds the exchange perfectly: honeyed texture answered by cool stone, give matched to take. Neither yields. Neither needs to.",Chenin Blanc,"White, dry Vouvray",2021,13%,10-12°C,"Quince, honey, chalk","Roast pork, ripe cheeses",0.75,0.1,0.05,0.55,draft
Three of Cups,I,The crowd. The right one.,1,Imperial Brut,"Gramona, Penedès","Joy scales beautifully. Gramona ages its Imperial far longer than sparkling wine's party reputation requires, four years and more on the lees, so the glass that gets passed around actually deserves the toast. Crowd-pleasing is a craft. This one respects the crowd.",Xarel·lo blend,"Sparkling, long-aged",NV,12%,7-9°C,"Baked apple, almond, citrus","Tapas, fried anything",0.7,0.1,0.05,0.45,draft
Three of Cups,II,"One table, all told. Gather in.",1,Côtes du Rhône Blanc,"E. Guigal, Rhône","Good company improves everything on it. Guigal's white Côtes du Rhône is built for the middle of the table, Viognier-led warmth that flatters whatever lands beside it and keeps conversation moving. No bottle works a room better at the price. Gather in. It has already started without you.",Viognier blend,"White, Rhône blend",2022,13.5%,10-12°C,"Peach, white flowers, almond","Roast chicken, gratins",0.55,0.08,0.05,0.6,draft
Three of Cups,III,"The festival spirit. Dance, then.",1,Beaujolais Nouveau,"Georges Duboeuf, Beaujolais","Abundance was made for sharing, and Georges Duboeuf made a planet share it: his 'Le Beaujolais Nouveau est arrivé' turned a village harvest tradition into a synchronized global party every third Thursday of November. The wine is a festival with a cork. Dancing is technically optional.",Gamay,"Red, Nouveau",2024,12.5%,"13°C, light chill","Banana blossom, red berry, candy","Party food, no ceremony",0.7,0.06,0.15,0.35,draft
Three of Cups,IV,A whole town's work. Proudly poured.,1,Barbaresco,"Produttori del Barbaresco, Piedmont","Many hands, one triumph. When Barbaresco's growers were too poor to bottle alone, the village priest gathered nineteen of them in 1958 and revived the co-op; today Produttori's Barbaresco stands with wines triple its price. The whole town is in the glass. The pride is measurable.",Nebbiolo,"Red, cooperative Barbaresco",2020,14%,"17°C, decant 1 hr","Cherry, rose, tar","Braised meats, aged cheeses",0.7,0.05,0.7,0.6,draft
Four of Cups,I,The second look. It pays.,1,Muscadet Sur Lie La Pépie,"Domaine de la Pépière, Loire","Quiet things reward attention. Muscadet sits on its lees all winter gathering texture nobody notices at first sip, saline and still until the second look finds the depth; Pépière farms old vines on granite for exactly that discovery. The first glance saw water. The second saw the well.",Melon de Bourgogne,"White, sur lie Muscadet",2022,12%,8-10°C,"Lemon, brine, crushed shell","Oysters, mussels",0.8,0.03,0.05,0.4,draft
Four of Cups,II,Spotted at last. Sharp of you.,1,Mandolás Dry Furmint,"Oremus, Tokaj","The overlooked are rarely empty-handed. Tokaj's Furmint spent centuries famous only when sweet, its dry side ignored entirely, until estates like Vega Sicilia's Oremus began bottling Mandolás: smoky, taut, quietly grand. It was sitting there the whole time. Someone finally looked.",Furmint,"White, dry Tokaj",2021,13.5%,10-12°C,"Pear skin, smoke, lime","Schnitzel, river fish",0.8,0.06,0.05,0.5,draft
Four of Cups,III,Unfashionable. Temporarily.,1,Vecchio Samperi,"Marco De Bartoli, Sicily","Neglect says nothing about worth. Marsala fell so far it became a cooking wine punchline, so Marco De Bartoli made Vecchio Samperi, the old unfortified style aged in a perpetual cask blend, to prove what the name once meant. Fashion left the room. The wine stayed magnificent.",Grillo,"Oxidative, unfortified Marsala-style",NV,17%,"12-14°C, small pour","Walnut, dried apricot, salt","Aged cheeses, almonds",0.7,0.1,0.05,0.65,draft
Five of Cups,I,The hard year's gift. Deeper for it.,1,Volnay,"Domaine de Montille, Burgundy","Difficulty leaves depth behind. In 2016 Burgundy lost half its crop to a single April frost, and what the surviving vines carried was scarce but concentrated; de Montille's Volnay from such years wears the loss as intensity. Fewer grapes, more truth in each. The gift arrives wrapped in the cost.",Pinot Noir,"Red, Volnay",2016,13%,15-16°C,"Red cherry, iron, rose","Duck, mushroom dishes",0.7,0.04,0.5,0.55,draft
Five of Cups,II,"Stern now, generous later. Wait for it.",1,Terres Chaudes,"Roches Neuves, Saumur-Champigny","What starts stern often ends generous. Young Loire Cabernet Franc leads with graphite and reserve, all edges, giving nothing away; Thierry Germain farms Terres Chaudes biodynamically and asks only for time. The generosity is in there, scheduled. Grief keeps a calendar too.",Cabernet Franc,"Red, Saumur-Champigny",2021,13%,15-16°C,"Dark raspberry, graphite, violets","Roast pork, lentils",0.7,0.04,0.55,0.55,draft
Five of Cups,III,Quiet company. The kindest sort.,1,20 Year Old Tawny,"Graham's, Douro","Some moods prefer quiet company. Twenty-year tawny has done its grieving in the barrel, fruit mellowed to fig and walnut, warmth without questions; Graham's pours like a friend who knows when not to talk. It asks nothing. It stays as long as needed.",Touriga blend,"Fortified, aged tawny",NV,20%,14-16°C,"Fig, walnut, caramel","Almond tart, quiet evenings",0.55,0.7,0.2,0.75,draft
Five of Cups,IV,What remains. It is enough.,1,Imperial Reserva,"CVNE, Rioja","What remains is enough to rebuild. Phylloxera ruined Bordeaux and, in the strange bookkeeping of loss, built Rioja: merchants fled south, the region boomed, and then the louse came for it too, leaving Europe's vines alive only on grafted American roots. CVNE was born in that story and outlived it. Two cups still standing, poured.",Tempranillo blend,"Red, Rioja Reserva",2018,14%,16-17°C,"Dark cherry, vanilla, leather","Lamb, aged Manchego",0.65,0.05,0.55,0.65,draft
Six of Cups,I,Homecoming. Long expected.,1,Chianti Classico,"Fèlsina, Tuscany","The familiar holds its own kind of depth. Fèlsina's Chianti Classico is the taste of a standing Sunday table, sour cherry and dust and comfort, made by a family estate that never chased anything trendier than dinner. The door was never locked. The seat was never given away.",Sangiovese,"Red, Chianti Classico",2021,13.5%,16°C,"Sour cherry, earth, herbs","Pasta al ragù, roast chicken",0.75,0.05,0.55,0.6,draft
Six of Cups,II,The old song. It still plays true.,1,Lambrusco di Sorbara,"Cleto Chiarli, Emilia","The past knew a few things. Lambrusco was a joke for a generation, the sweet fizz of somebody's regrettable decade, but Cleto Chiarli has made the real thing since 1860: bone-dry, rose-colored, bright as an accordion on a summer night. The old song, played properly, holds up.",Lambrusco di Sorbara,"Sparkling red, dry",NV,11.5%,8-10°C,"Rose, sour cherry, violet","Salumi, pizza",0.75,0.1,0.15,0.35,draft
Six of Cups,III,The simple pleasure. Timeless.,1,Vinho Verde,"Quinta da Aveleda, Portugal","Uncomplicated is underrated. Vinho Verde asks for nothing: low alcohol, a prickle of spritz, citrus cold enough to squint at, gone before the afternoon is. Aveleda has poured that mercy since 1870. Simple pleasures survive every fashion. They have no moving parts to break.",Loureiro blend,"White, light spritz",2023,11%,6-8°C,"Lime, green apple, spritz","Sardines, beach food",0.75,0.1,0.05,0.25,draft
Six of Cups,IV,Grandmother's secret. Kept safe.,1,Côtes du Rhône Réserve,"Famille Perrin, Rhône","Some gifts arrive generations late. The Perrin family has passed its Rhône know-how down five generations from Beaucastel's cellars, and the humble Réserve carries the house recipe the way a grandchild carries a handwriting. Warm fruit, dusty spice, memory included. Kept safe, still shared.",GSM blend,"Red, Côtes du Rhône",2021,14%,15-16°C,"Red plum, garrigue, pepper","Weeknight roasts, stews",0.6,0.06,0.45,0.65,draft
Seven of Cups,I,The mirror maze. Eyes open.,1,Crasto Old Vines Reserva,"Quinta do Crasto, Douro","Every layer shows a different face. Crasto's old-vine field blend holds better than twenty-five varieties planted together a century ago, several never fully identified, each pour a slightly different hall of reflections. Choose a face to follow. There are more behind it.",Field blend,"Red, Douro old vines",2020,14.5%,16-17°C,"Black fruit, rock rose, spice","Grilled meats, hard cheeses",0.6,0.06,0.6,0.8,draft
Seven of Cups,II,"The decoy, spotted. Discerning.",1,Muscat,"Zind-Humbrecht, Alsace","The first impression is a decoy. Muscat pours a cloud of ripe grapes and orange blossom, sweetness promised by every signal the nose can send, then lands bone-dry, all flowers and no sugar. Zind-Humbrecht plays the trick with a straight face. Discernment starts at the second sip.",Muscat,"White, dry aromatic",2021,13%,9-11°C,"Orange blossom, grape, herbs","Asparagus, spring dishes",0.65,0.05,0.05,0.45,draft
Seven of Cups,III,"Glitter, questioned. Smart.",1,Miraval Rosé,"Provence, France","Shine and substance travel separately, so check the fine print: Miraval arrived wrapped in the most famous marriage in Hollywood, an easy wine to dismiss as a vanity label, except the Perrin family of Beaucastel actually makes it, and makes it well. The glitter was real. So, inconveniently, is the wine.",Cinsault-Grenache blend,"Rosé, Provence",2023,13%,8-10°C,"Strawberry, citrus zest, cream","Niçoise, gossip",0.65,0.05,0.05,0.35,draft
Seven of Cups,IV,The far door. Dreams welcome.,1,Château-Chalon,"Domaine Macle, Jura","Imagination accepts every invitation. Château-Chalon ages six years under a veil of yeast in a Jura hilltop village, emerging as vin jaune: walnut, curry, morning light from somewhere with different physics. No other wine opens this particular door. Step through. Time moves differently inside.",Savagnin,"Vin jaune, oxidative",2015,14%,"14-16°C, open early","Walnut, curry, green apple","Comté, poulet au vin jaune",0.8,0.03,0.1,0.6,draft
Eight of Cups,I,The departure. Braver than staying.,1,Arbois Pupillin Poulsard,"Maison Pierre Overnoy, Jura","Leaving takes more nerve than staying. Pierre Overnoy walked away from everything conventional winemaking insisted was necessary, bottling without sulfur since the eighties when the idea was heresy, trusting the vineyard to hold the wine together. It held. The whole natural wine movement followed his footprints out.",Poulsard,"Red, natural Jura",2021,12.5%,"13-14°C, light chill","Cranberry, rose, earth","Charcuterie, Comté",0.75,0.04,0.2,0.35,draft
Eight of Cups,II,"Depth, suspected. Confirmed.",1,Saarburger Rausch Spätlese,"Zilliken, Saar","Meaning sits below the surface. Zilliken's Rieslings rest in a cellar dug three storeys beneath the house, cold and silent, built for decades of slow unfolding; with age the Rausch turns from bright peach to smoke and deep slate. The surface was pretty. The floor beneath it is the point.",Riesling,"White, aged Saar Spätlese",2015,8%,9-11°C,"Peach, slate, smoke","Spiced pork, Asian dishes",0.85,0.55,0.05,0.35,draft
Eight of Cups,III,The far address. Worth the trip.,1,Bannockburn Pinot Noir,"Felton Road, Central Otago","The search led somewhere quiet. Central Otago sits at the bottom of the world, mountain desert at the forty-fifth parallel south, about as far as Pinot Noir has ever been carried in search of somewhere better; Felton Road farms it biodynamically. The address is remote. The wine explains the journey.",Pinot Noir,"Red, Central Otago",2021,13.5%,15-16°C,"Dark cherry, thyme, mineral","Duck, lamb rump",0.7,0.04,0.45,0.6,draft
Nine of Cups,I,The wish itself. Granted.,1,Château d'Yquem,"Sauternes, Bordeaux","Satisfaction can be total. Yquem is the bottle wine lovers name when asked for one wish: botrytis-shriveled berries picked one by one, each vine yielding roughly a single glass, gold that ages for a century. The wish card, poured. Granted tastes like apricot, saffron, and forever.",Sémillon blend,"Sweet, Sauternes",2015,14%,10-12°C,"Apricot, saffron, crème brûlée","Roquefort, tarte tatin",0.75,0.95,0.05,0.8,draft
Nine of Cups,II,"Indulgence, unapologetic. Splendid.",1,Amarone della Valpolicella,"Dal Forno Romano, Veneto","Pleasure needs no defense, and Dal Forno never files one. His Amarone is hedonism engineered to the last detail, dried fruit and dark chocolate at densities that shouldn't pour, opulence stacked on opulence. Moderation can have the next bottle. This one has plans.",Corvina blend,"Red, opulent Amarone",2015,16.5%,"17°C, small pours","Black cherry, chocolate, spice","Braised beef, aged cheeses",0.55,0.2,0.65,1.0,draft
Nine of Cups,III,"Comfort, chosen. Settle in.",1,PX Solera 1927,"Alvear, Montilla-Moriles","Comfort, done well, is profound. Alvear's Pedro Ximénez draws from a solera laid down in 1927, sun-dried grapes deepened across generations into something like drinkable velvet: raisin, coffee, molasses. It pours slowly on purpose. Settle in. The chair has you.",Pedro Ximénez,"Sweet, solera PX",NV,15%,"12-14°C, small pour","Raisin, coffee, molasses","Vanilla ice cream, blue cheese",0.35,1.0,0.1,0.9,draft
Ten of Cups,I,Everyone present. The real riches.,1,Dom Pérignon,"Champagne, France","The table is the true wealth. Dom Pérignon makes only vintage Champagne, a single year or nothing at all, which is why it appears when families mark the years that mattered: weddings, arrivals, everyone home at once. The bottle keeps the date. The people keep the rest.",Chardonnay-Pinot blend,Vintage Champagne,2013,12.5%,8-10°C,"White peach, brioche, smoke","Milestones, lobster",0.75,0.08,0.05,0.55,draft
Ten of Cups,II,"Complete. A rare word, used right.",1,Brunello Riserva,"Biondi-Santi, Montalcino","Complete is a feeling. The family that invented Brunello in the 1880s still releases Riservas built to outlive their makers, and at full maturity nothing is missing: fruit, earth, air, and time in a single seamless circle. The word gets thrown around. Here it lands.",Sangiovese,"Red, mature Brunello Riserva",2016,14%,"17°C, decant 1 hr","Dried cherry, tea, autumn earth","Roast game, aged pecorino",0.7,0.04,0.65,0.65,draft
Ten of Cups,III,The generations. All at this table.,1,Mount Edelstone Shiraz,"Henschke, Eden Valley","Happiness can be inherited. The Henschke family has farmed Eden Valley since 1868, and Mount Edelstone's Shiraz vines, planted 1912, have now passed through the hands of five generations of the same house. Every vintage seats the ancestors. The table only gets longer.",Shiraz,"Red, single-vineyard Eden Valley",2018,14.5%,16-17°C,"Blackberry, sage, cedar","Roast beef, family dinners",0.55,0.06,0.6,0.8,draft
Page of Cups,I,The whisper. Heard perfectly.,1,Moscato d'Asti,"Paolo Saracco, Piedmont","Soft voices carry far. Moscato d'Asti is wine at a whisper, five and a half degrees of alcohol, a gentle fizz, grapes and orange blossom said just above silence; Saracco is the style's most fluent speaker. Lean in. The quietest pour in Italy has perfect diction.",Moscato,"Sparkling sweet, low alcohol",2023,5.5%,6-8°C,"Grape, orange blossom, peach","Fruit tarts, hazelnut cake",0.6,0.7,0.05,0.2,draft
Page of Cups,II,Dream logic. It checks out.,1,Ürziger Würzgarten Kabinett,"Dr. Loosen, Mosel","Whimsy knows things logic doesn't. Kabinett is Riesling at its most playful, eight degrees of alcohol, sweetness and acid chasing each other like a fish surprising a cup; Loosen's comes from a red-slate vineyard literally named 'spice garden.' Nonsense on paper. Perfect sense in the glass.",Riesling,"White, Kabinett",2022,8%,8-10°C,"Peach, spice, slate","Spicy takeout, picnics",0.85,0.5,0.05,0.3,draft
Page of Cups,III,By feel. The surest guide.,1,Les Vieux Clos,"Nicolas Joly, Savennières","Sensitivity is a skill. Nicolas Joly treats his Savennières hillsides as one living organism, herbs and horn and intuition where the textbooks prescribe chemistry, trusting felt sense over spreadsheets. Les Vieux Clos is the result: golden, wild-edged, entirely alive. Feel was the method. It shows.",Chenin Blanc,"White, biodynamic Savennières",2020,14%,"12-14°C, open early","Baked apple, herbs, beeswax","Roast poultry, mushrooms",0.65,0.08,0.1,0.65,draft
Page of Cups,IV,"The hidden note, found. Delighted.",1,Soave Classico,"Pieropan, Veneto","The quiet details reward the curious. Soave hides its complexity behind an easy name: Pieropan's Classico slips almond, white pepper, and a saline echo beneath the pear, notes most drinkers never slow down enough to catch. You caught one. There are three more where it came from.",Garganega,"White, Soave Classico",2022,12.5%,9-11°C,"Pear, almond, white pepper","Risotto, delicate fish",0.7,0.06,0.05,0.45,draft
Knight of Cups,I,"Charmed, clearly. Both ways.",1,Chambolle-Musigny,"Ghislaine Barthod, Burgundy","Seduction is a fair opening move. Chambolle is Burgundy's village of lace, Pinot at its most perfumed and disarming, and Barthod's wines make the approach with roses in hand and structure in reserve. The charm is genuine, which is the dangerous kind. It worked. On both of you.",Pinot Noir,"Red, Chambolle-Musigny",2020,13%,15-16°C,"Rose, raspberry, lace","Duck breast, soft cheeses",0.7,0.04,0.45,0.5,draft
Knight of Cups,II,Beauty first. A fine compass.,1,Château Mouton Rothschild,"Pauillac, Bordeaux","Beauty is worth the errand. Since 1945 Mouton has commissioned its label from a different artist each vintage, Picasso, Chagall, and Warhol among them, paid in cases of the wine itself, art and wine trading beauty for beauty. The compass points somewhere gorgeous. Follow it there.",Cabernet blend,"Red, first growth",2016,13.5%,"17-18°C, decant 1 hr","Cassis, graphite, opulence","Filet, gallery talk",0.6,0.05,0.75,0.85,draft
Knight of Cups,III,"Ideals in front. Romantic, truly.",1,Bourgogne Blanc,"Domaine Leflaive, Burgundy","Conviction is attractive. Anne-Claude Leflaive converted Puligny's most precious vineyards to biodynamics in the nineties while colleagues predicted ruin, betting the family crown on an ideal; the bet remade white Burgundy's conscience. Even the humble Bourgogne carries the belief. Romance, with receipts.",Chardonnay,"White, biodynamic Burgundy",2021,13%,11-13°C,"Citrus, white flowers, stone","Poached fish, goat cheese",0.75,0.04,0.05,0.55,draft
Queen of Cups,I,Deep care. You recognized it.,1,Viña Ardanza Reserva,"La Rioja Alta, Rioja","Care this deep feels effortless. Viña Ardanza rests in American oak and bottle for the better part of a decade before release, racked barrel to barrel by hand, so that what reaches the table has already been loved patiently for years. The softness took work. Comfort always does.",Tempranillo-Garnacha,"Red, Rioja Reserva",2017,14.5%,16°C,"Dried cherry, vanilla, cocoa","Roast lamb, rice dishes",0.65,0.05,0.5,0.6,draft
Queen of Cups,II,Kindness with depth. The rarest blend.,1,Vouvray Moelleux Le Mont,"Domaine Huet, Loire","The gentle ones understand the most. Huet's Moelleux is sweetness with an old soul, honey and quince held upright by Chenin's cool spine, tenderness that never turns cloying because it carries real depth beneath. It listens more than it speaks. When it speaks, it's right.",Chenin Blanc,"White, off-sweet Vouvray",2018,12%,9-11°C,"Honey, quince, chalk","Fruit desserts, foie gras",0.8,0.6,0.05,0.5,draft
Queen of Cups,III,The quiet hour. Restored already.,1,Don Gonzalo Oloroso VOS,"Valdespino, Jerez","Stillness restores what noise takes. Don Gonzalo has aged in quiet oak for over twenty years, oxygen doing its slow pastoral work, and it pours like the end of a long day handled well: walnut, tobacco flower, calm. One small glass. The hour does the rest.",Palomino,"Oloroso sherry, VOS",NV,21%,"14-16°C, small pour","Walnut, tobacco, dried orange","Aged cheeses, dusk",0.6,0.12,0.1,0.7,draft
Queen of Cups,IV,The old remedy. Still potent.,1,10 Year Malmsey,"Blandy's, Madeira","Some comforts were once called medicine. Madeira spent centuries in ships' holds and sickrooms alike, prescribed for body and spirit, a wine that cannot be killed by heat, air, or time. Blandy's Malmsey is the sweet warmth the old doctors trusted. The prescription stands. Refills permitted.",Malmsey,"Fortified, sweet Madeira",NV,19%,14-16°C,"Toffee, raisin, citrus peel","Chocolate, convalescence",0.75,0.75,0.1,0.7,draft
King of Cups,I,"The calm center. Mastery, quietly.",1,Château Palmer,"Margaux, Bordeaux","Composure is the deepest strength. Palmer rules Margaux with an unusual hand, Merlot given nearly equal thrones with Cabernet, power expressed as velvet calm rather than force. Nothing in the glass raises its voice. Nothing needs to. The room adjusts to it.",Cabernet-Merlot blend,"Red, Margaux",2015,13.5%,"17°C, decant 1 hr","Black fruit, violet, truffle","Squab, filet",0.6,0.05,0.65,0.75,draft
King of Cups,II,"Wisdom, aged in. Evident.",1,Castillo Ygay Gran Reserva Especial,"Marqués de Murrieta, Rioja","Time is the honest teacher. Castillo Ygay is held back for decades before release, some editions arriving thirty years after harvest with their lessons fully integrated: dried fruit, sandalwood, patience you can taste. Nothing left to prove, everything left to give. Evidently.",Tempranillo blend,"Red, Gran Reserva Especial",2011,14%,16-17°C,"Dried cherry, sandalwood, spice","Roast lamb, long dinners",0.7,0.04,0.5,0.6,draft
King of Cups,III,Held power. The finest kind.,1,Château Léoville Barton,"St-Julien, Bordeaux","The strongest hand stays lightest. The Barton family has held Léoville since 1826 without once selling out, and the wine mirrors the house: classic claret restraint, power banked rather than brandished, prices kept famously fair when neighbors chased the moon. Control, exercised gently, for two centuries.",Cabernet blend,"Red, classic St-Julien",2016,13.5%,"17°C, decant 1 hr","Cassis, cedar, pencil shaving","Roast beef, hard cheeses",0.65,0.04,0.7,0.7,draft
Ace of Swords,I,Straight through. Clean cut.,1,Santorini Assyrtiko,"Argyros, Greece",One clean stroke settles it. Assyrtiko off Santorini's volcanic ash is acidity as blade: citrus and salt driven straight through whatever muddle preceded the first sip. Argyros farms vines up to two centuries old for extra edge. Confusion doesn't argue with this wine. It can't get a word in.,Assyrtiko,"White, volcanic",2022,14%,9-11°C,"Lemon, flint, sea salt","Raw fish, grilled octopus",0.9,0.03,0.05,0.55,draft
Ace of Swords,II,Precision. Appreciated in kind.,1,Minéral Blanc de Blancs,"Agrapart, Champagne","Exactness is a kind of beauty. Agrapart's Minéral is Champagne drawn with a ruling pen: grand cru Chardonnay from Avize chalk, low dosage, nothing rounded off for comfort. Every line lands where intended. Precision recognizes precision, which is why it's in your glass.",Chardonnay,Blanc de Blancs Champagne,2018,12%,9-11°C,"Lemon, chalk, oyster shell","Sashimi, ceviche",0.85,0.05,0.05,0.45,draft
Ace of Swords,III,For the mind. It will feast.,1,Etna Bianco,"Benanti, Sicily","Some pleasures are for the mind. Carricante grows high on Etna's lava terraces and gives almost nothing hedonistic, no plush fruit, no cushion, just structure, smoke, and a long saline argument worth following to its end. The palate gets a wine. The intellect gets a meal.",Carricante,"White, volcanic Etna",2021,12.5%,10-12°C,"Green apple, ash, salt","Raw shellfish, herbs",0.85,0.03,0.05,0.45,draft
Two of Swords,I,"The standoff, named. Progress.",1,Xinomavro,"Thymiopoulos, Naoussa","Neither side intends to blink. Xinomavro translates roughly as 'acid-black,' and the grape lives up to the standoff: high acid and firm tannin locked opposite each other, neither yielding for years. Thymiopoulos softens the terms without ending the negotiation. The tension is the wine. Name it and pour.",Xinomavro,"Red, Naoussa",2020,13.5%,"16°C, decant 1 hr","Tomato leaf, sour cherry, spice","Lamb, aged cheeses",0.8,0.04,0.75,0.6,draft
Two of Swords,II,"The blindfold, admitted. Halfway off.",1,Château Léoville Las Cases,"St-Julien, Bordeaux","Some answers hide on purpose. Great structured Bordeaux famously enters a 'dumb phase,' years when the wine closes and shows nothing, aromas bound tight behind the blindfold; Las Cases from a big vintage is the textbook case. The silence is strategic. What's underneath is worth the standoff.",Cabernet blend,"Red, structured St-Julien",2005,13%,"17-18°C, decant 2 hrs","Cassis, cedar, iron","Beef, patience",0.65,0.04,0.8,0.8,draft
Two of Swords,III,Both schools honored. Diplomatic.,1,Engelgarten,"Marcel Deiss, Alsace","Both sides had a point. Alsace has argued for a century over what matters more, the grape on the label or the ground underneath; Marcel Deiss answered by co-planting his vineyards and fighting to put field blends back under grand cru law. Engelgarten holds the truce in one glass. Diplomacy, drinkable.",Field blend,"White, Alsace field blend",2020,13%,10-12°C,"Citrus, spice, stone","Choucroute, river fish",0.75,0.15,0.05,0.55,draft
Three of Swords,I,"The sharp truth. Felt, then freeing.",1,Muscadet Granite,"Domaine de l'Ecu, Loire","The truth rarely pads its corners. L'Ecu's Granite is Muscadet at its most unsparing, named for the bedrock and tasting of it, acidity that goes straight for the heart of the matter. It stings for a second. Then everything is clearer than it was.",Melon de Bourgogne,"White, granite Muscadet",2021,12%,8-10°C,"Lemon pith, stone, brine","Raw oysters, clarity",0.85,0.03,0.05,0.4,draft
Three of Swords,II,"Austerity, embraced. Sterner stuff.",1,Sagrantino Pagliaro,"Paolo Bea, Umbria","Not everything wants to be liked. Sagrantino carries the highest tannin load ever measured in a grape, and Paolo Bea refuses to sand it down, bottling the variety at full sternness. It is demanding, sincere, and utterly indifferent to charm. Meeting it halfway is the whole exercise.",Sagrantino,"Red, Montefalco",2016,15%,"17°C, decant 2 hrs","Black plum, dried herbs, iron","Game, hard cheeses",0.65,0.05,0.95,0.85,draft
Three of Swords,III,"Sorrow, inherited. Carried well.",1,Continuum,"Tim Mondavi, Napa Valley","What breaks a heart can build a legacy. When the Mondavi family lost their winery in a corporate sale, Tim Mondavi carried the name to Pritchard Hill and began again; Continuum is the wine made from that severance. Grief, replanted, grew something proud. The heartbreak is in the foundation.",Cabernet blend,"Red, Pritchard Hill",2019,14.5%,"17°C, decant 1 hr","Black cherry, sage, graphite","Lamb, contemplation",0.6,0.05,0.7,0.8,draft
Four of Swords,I,The long rest. Earned twice over.,1,Taurasi Radici,"Mastroberardino, Campania","Rest is where depth accumulates. Aglianico fights all vintage, late-ripening on volcanic slopes, and then Radici sleeps for years in cask and bottle before Mastroberardino lets it speak. The battle earned the rest. The rest earned the voice. Both show.",Aglianico,"Red, Taurasi",2016,13.5%,"17°C, decant 1 hr","Black cherry, tar, dried rose","Braised lamb, aged caciocavallo",0.7,0.04,0.8,0.75,draft
Four of Swords,II,Breathing room. Take it.,1,Howell Mountain Cabernet,"Dunn Vineyards, Napa","A pause changes everything after it. Randy Dunn's mountain Cabernet arrives clenched, tannin like a held breath, and asks for hours in a decanter before it will say anything kind; given the pause, it turns profound. The sanctuary isn't optional here. It's the recipe.",Cabernet Sauvignon,"Red, Howell Mountain",2018,13.9%,"17°C, decant 2-3 hrs","Blackcurrant, earth, spice","Ribeye, rest",0.6,0.04,0.85,0.8,draft
Four of Swords,III,Stillness. The mind thanks you.,1,Vosne-Romanée,"Domaine Grivot, Burgundy","Slow evenings earn their secrets. Mature Vosne-Romanée is Burgundy for the quiet hour, spice and incense unfolding at the pace of a thought fully finished; Grivot's patience in the cellar rewards yours in the chair. No music, no phone. The wine handles the conversation.",Pinot Noir,"Red, mature Vosne",2015,13%,15-16°C,"Incense, dark cherry, spice","Duck, silence",0.65,0.04,0.5,0.6,draft
Five of Swords,I,"The hollow victory, seen through. Astute.",1,Carnival of Love Shiraz,"Mollydooker, McLaren Vale","Trophies weigh less than they look. The Parker era minted wines like this, huge, sweet-fruited, engineered for the loudest possible score, and Carnival of Love collected raves in the high nineties. The points were won. What terroir had to say went unrecorded. Taste the victory. Decide what it cost.",Shiraz,"Red, blockbuster era",2019,16%,16°C,"Blackberry jam, mocha, oak","Barbecue, debate",0.4,0.2,0.55,1.0,draft
Five of Swords,II,"The status war. Costly, as ever.",1,Château Pavie,"St-Émilion, Bordeaux","Status is an expensive argument. St-Émilion's classification has spawned lawsuits, defections, and feuds, Ausone and Cheval Blanc walking out entirely, and Pavie has stood at the center of the century's loudest tasting quarrels. The wine is opulent. The war around it never declared a winner.",Merlot blend,"Red, St-Émilion",2016,14.5%,"17°C, decant 1 hr","Black plum, mocha, spice","Beef, strong opinions",0.55,0.06,0.75,0.9,draft
Five of Swords,III,The feud. Both sides poured.,1,Barolo Cannubi,"E. Pira - Chiara Boschis, Piedmont","Both camps swore they were right. The Barolo Wars split Piedmont for a generation, modernist barriques against grandfather's big casks, families not speaking over oak; Chiara Boschis took up the modernist sword on hallowed Cannubi. The feud made everyone sharper. The wines, on both sides, won.",Nebbiolo,"Red, modernist Barolo",2018,14.5%,"17°C, decant 1 hr","Dark cherry, espresso, rose","Braised beef, truffle",0.7,0.05,0.7,0.7,draft
Six of Swords,I,The crossing. Smoother from here.,1,Historic Series Boston Bual,"Rare Wine Co., Madeira","Distance finishes what land began. Madeira discovered its greatness mid-ocean, casks improving as ships rolled across the tropics, a wine literally completed by the journey away; the Historic Series honors the port cities it sailed to. Rough water made it. Calm water serves it.",Bual,"Fortified, Madeira",NV,19%,14-16°C,"Caramel, orange peel, smoke","Aged cheeses, pecan pie",0.8,0.6,0.1,0.7,draft
Six of Swords,II,The new shore. It suits.,1,Dundee Hills Pinot Noir,"Domaine Drouhin, Oregon","A change of place changes the story. After Oregon Pinot embarrassed Burgundy in a blind tasting, the Drouhin family did the unthinkable and crossed over, planting Dundee Hills in 1987 with Véronique Drouhin making the wine. The passage held. Burgundy's accent, Oregon's light.",Pinot Noir,"Red, Dundee Hills",2021,13.5%,15-16°C,"Red cherry, rose, forest","Salmon, duck",0.7,0.04,0.45,0.55,draft
Six of Swords,III,Calm water. Deserved.,1,Fiano di Avellino,"Feudi di San Gregorio, Campania","The simplest comfort follows the storm. Fiano is the palate's quiet ferry: hazelnut and pear over clean stone, no drama, no demands, exactly what the mind orders after wines that shout. Feudi's version glides. Stillness, it turns out, is a style.",Fiano,"White, Campania",2022,13%,10-12°C,"Pear, hazelnut, herbs","Seafood pasta, soft cheeses",0.7,0.05,0.05,0.5,draft
Six of Swords,IV,"Apart, by design. Sensible.",1,Patrimonio Blanc,"Antoine Arena, Corsica","Some places keep their own counsel. Corsica belongs to France on paper and to itself in practice, and Antoine Arena's Vermentino tastes of that independence: maquis herbs, salt, granite, no mainland manners. The island never asked for approval. The wine explains why.",Vermentino,"White, Corsican",2021,13.5%,10-12°C,"Citrus, maquis herbs, salt","Grilled fish, fresh cheese",0.75,0.05,0.05,0.5,draft
Seven of Swords,I,"The disguise, admired. Takes taste.",1,Trousseau Singulier,"Stéphane Tissot, Jura","Imitation studies its subject. Tissot's Trousseau wears rosé's pale clothing over a red wine's intentions, slipping past every visual checkpoint before the palate discovers structure, spice, and grip. The disguise is flawless until it's too late. Admiring the craft is the correct response.",Trousseau,"Red, pale Jura",2021,13%,"13-14°C, light chill","Red currant, pepper, earth","Charcuterie, duck",0.75,0.04,0.35,0.4,draft
Seven of Swords,II,Almost perfect. That's the fun part.,1,Morey-Saint-Denis,"Domaine Ponsot, Burgundy","Every forger slips eventually. Rudy Kurniawan faked rare Burgundy so well he fooled millionaires for years, until he counterfeited a Ponsot vintage that never existed and Laurent Ponsot flew to New York to stop the auction himself. The real thing pours here. Accept no substitutes; some exist.",Pinot Noir,"Red, Morey-Saint-Denis",2019,13%,15-16°C,"Dark cherry, underbrush, spice","Game birds, intrigue",0.7,0.04,0.5,0.55,draft
Seven of Swords,III,"The shortcut. Noted, not judged.",1,Apothic Red,"California, USA","Cunning has its own toolkit. Apothic Red is built for maximum smoothness by any means available, color deepened, sweetness tuned, a wine engineered as much as grown, and it sells by the ocean. The shortcut works; that was never in question. What it skips is the conversation.",Zinfandel-Merlot blend,"Red, engineered smooth",2022,13.5%,15°C,"Dark fruit, mocha, vanilla","Burgers, no questions",0.4,0.4,0.35,0.75,draft
Seven of Swords,IV,Past the label. Sharp instincts.,1,Emilien,"Château Le Puy, Bordeaux","Labels lie in both directions. Le Puy's plain wrapper hides a Bordeaux estate farmed without chemicals since 1610, ignored by the classifications and adored by those who taste blind; a Japanese wine comic once named it and emptied the world's shelves overnight. Instinct beat the label. It usually does.",Merlot blend,"Red, natural Bordeaux",2019,13%,16°C,"Red fruit, earth, violets","Roast fowl, discernment",0.7,0.04,0.5,0.6,draft
Eight of Swords,I,"The bindings, named. First step.",1,Barolo,"Massolino, Piedmont","Even good fences feel tight sometimes. Barolo's DOCG code dictates the grape, the hill, and thirty-eight months of waiting before release, rules that bind every bottle before a cork goes in; Massolino works gracefully inside the wire. The bindings are real. So is what they protect.",Nebbiolo,"Red, Barolo DOCG",2019,14%,"17°C, decant 1 hr","Cherry, tar, licorice","Braised beef, risotto",0.7,0.05,0.75,0.65,draft
Eight of Swords,II,"Coiled, for now. Springs do that.",1,Château Pichon Baron,"Pauillac, Bordeaux","The tension is temporary. Pichon Baron from a tannic vintage like 2010 is wine wound to full compression, structure coiled around fruit that can barely move yet; a decade loosens what force never could. Springs store power precisely by being held. Release is scheduled.",Cabernet blend,"Red, structured Pauillac",2010,13.5%,"17-18°C, decant 2 hrs","Blackcurrant, graphite, cedar","Beef, the long view",0.6,0.04,0.85,0.85,draft
Eight of Swords,III,The release. Any moment now.,1,Barolo Tre Tine,"Giuseppe Rinaldi, Piedmont","Release is a matter of time. Rinaldi's Barolo opens shut tight, aromas pinned behind tannin, and then, with hours of air, walks free: roses, tar, sudden generosity, as if the ropes were never tied. They weren't, of course. The decanter just proves it.",Nebbiolo,"Red, traditional Barolo",2018,14%,"17°C, decant 2-3 hrs","Rose, tar, red cherry","Brasato, patience rewarded",0.75,0.04,0.8,0.65,draft
Eight of Swords,IV,The forbidden years. They survived.,1,Georges de Latour Private Reserve,"Beaulieu Vineyard, Napa","What's banned rarely stays gone. Prohibition shuttered Napa for thirteen years, but Beaulieu kept its vines alive on a technicality, making sacramental wine for the church while neighbors ripped out vineyards. The loophole preserved a legacy. The Private Reserve is what survival aged into.",Cabernet Sauvignon,"Red, historic Napa",2019,14.5%,"17°C, decant 1 hr","Cassis, cocoa, dust","Prime rib, history",0.55,0.06,0.65,0.8,draft
Nine of Swords,I,The racing mind. Aim it here.,1,Von der Fels Riesling,"Keller, Rheinhessen","Intensity can be pointed somewhere. Keller's Von der Fels is Riesling that demands the whole mind, limestone tension and citrus wound tight enough to hold any amount of attention you bring it. The three a.m. energy finally has a worthy object. Focus, redirected, tastes like this.",Riesling,"White, dry Rheinhessen",2022,12.5%,9-11°C,"Lime, limestone, white peach","Trout, concentration",0.85,0.06,0.05,0.45,draft
Nine of Swords,II,"Nerves, harnessed. Electric.",1,Chablis,"Samuel Billaud, Burgundy","Tension, aimed well, becomes energy. Chablis runs on nerve, acidity strung like wire over cold Kimmeridgian stone, and Billaud bottles the current without grounding it. The same charge that rattles a mind at midnight drives this wine forward. Harnessed, it's not anxiety. It's voltage.",Chardonnay,"White, Chablis",2021,12.5%,9-11°C,"Lemon, oyster shell, steel","Oysters, taut evenings",0.85,0.03,0.05,0.45,draft
Nine of Swords,III,"Grounded. The cure, mostly.",1,La Croix Boissée,"Bernard Baudry, Chinon","The ground is where worry ends. Baudry's top Chinon comes off limestone slopes and tastes unmistakably of somewhere: earth, ferrous depth, roots holding fast. Wines like this don't spiral; they stand still and let you match them. Grounding, by the glass. Mostly it works.",Cabernet Franc,"Red, Chinon",2019,13%,15-16°C,"Dark raspberry, iron, earth","Roast pork, root vegetables",0.7,0.04,0.55,0.6,draft
Ten of Swords,I,The final chapter. Read closely.,1,Cornas,"Noël Verset, Rhône","Some endings close the book entirely. Noël Verset made Cornas from ancient hillside vines until his last vintages in the mid-2000s, and when he stopped, a whole way of working stopped with him; the remaining bottles are the closing pages. No sequel was possible. Read slowly.",Syrah,"Red, old-school Cornas",2003,13%,"16-17°C, decant gently","Black olive, iron, violet","Game, reverence",0.7,0.04,0.65,0.7,draft
Ten of Swords,II,"The ruin, honored. Solemnly so.",1,Lacryma Christi del Vesuvio Rosso,"Mastroberardino, Campania","History buried is history kept. These vines grow on Vesuvius, the volcano that ended Pompeii in an afternoon, and Mastroberardino was chosen to replant the ancient vineyards inside the ruins themselves. The wine is called Christ's tears. Endings this absolute still bear fruit. Solemnly, annually.",Piedirosso,"Red, volcanic Vesuvius",2021,13%,15-16°C,"Red plum, ash, herbs","Pasta puttanesca, eggplant",0.65,0.05,0.45,0.55,draft
Ten of Swords,III,"Simplicity, after everything. Mercy indeed.",1,Dolcetto d'Alba,"G.D. Vajra, Piedmont","When it's all over, simple is enough. Dolcetto is Piedmont's mercy grape, soft where Nebbiolo is stern, ready now where Barolo asks for a decade; Vajra makes it with the same care as their great wines and none of the demands. After the tenth sword, this. Just this.",Dolcetto,"Red, easy Piedmont",2022,13%,15°C,"Black cherry, almond, plum","Weeknight pasta, recovery",0.65,0.05,0.4,0.55,draft
Page of Swords,I,Fully alert. Match found.,1,Sancerre Grande Réserve,"Henri Bourgeois, Loire","Sharp minds like sharp company. Loire Sauvignon is wine at full alert, gooseberry and flint with its eyes open, nothing drowsy anywhere in the glass; Bourgeois has sharpened the family style for ten generations. Alertness recognizes alertness. Consider yourselves introduced.",Sauvignon Blanc,"White, Sancerre",2022,13%,9-11°C,"Gooseberry, flint, herbs","Goat cheese, quick wit",0.85,0.04,0.05,0.4,draft
Page of Swords,II,The new method. Clever thing.,1,Derthona Timorasso,"Vigneti Massa, Piedmont","Fresh methods find fresh answers. Timorasso was down to a few forgotten rows when Walter Massa bet his career on reviving it, and the grape answered with a white that ages like Riesling and thinks like Barolo. The old answer was extinction. The new question found a better one.",Timorasso,"White, revived Piedmont",2020,14%,10-12°C,"Honey, flint, ginger","Veal, aged cheeses",0.75,0.05,0.1,0.65,draft
Page of Swords,III,"The place, read fluently. Scholarly.",1,Pouilly-Fumé La Moynerie,"Michel Redde, Loire","Every place has a handwriting. Pouilly-Fumé's flint soils sign their wines with actual gunsmoke, a struck-match note rising off the Sauvignon that soil scientists can trace to the stone; Redde's La Moynerie is a legible page of it. Read the glass. The ground wrote back.",Sauvignon Blanc,"White, flinty Pouilly-Fumé",2022,13%,9-11°C,"Gunflint, citrus, smoke","Smoked trout, chèvre",0.8,0.04,0.05,0.45,draft
Page of Swords,IV,Light-footed. It darts.,1,Il Frappato,"Arianna Occhipinti, Sicily","Lightness moves fastest. Arianna Occhipinti planted her first hectare at twenty-two and built Sicily's most restless estate on Frappato, a red that flickers where others plod: wild strawberry, herbs, sudden turns. It never sits still in the glass. Neither did she.",Frappato,"Red, light Sicilian",2021,12.5%,"13-14°C, light chill","Wild strawberry, herbs, pepper","Grilled fish, antipasti",0.75,0.04,0.3,0.4,draft
Knight of Swords,I,No preamble. Respected.,1,Cornas,"Auguste Clape, Rhône","Directness saves everyone time. Clape's Cornas is Syrah off raw granite with no softening agent anywhere in the process: black fruit, iron, and conviction, delivered at full gallop from the first pour. No preamble was drafted. None was ever going to be.",Syrah,"Red, Cornas",2019,13.5%,"16-17°C, decant 1 hr","Black fruit, iron, smoke","Grilled lamb, resolve",0.7,0.04,0.75,0.75,draft
Knight of Swords,II,The sharp exit. Memorable.,1,Barbaresco Pajè,"Roagna, Piedmont","The ending is part of the argument. Roagna macerates for months in the old style, then lets the wine finish on a blade: a long, linear exit that cuts off precisely where it means to, leaving the palate mid-thought. Conversations end. The memorable ones end like this.",Nebbiolo,"Red, long-maceration Barbaresco",2017,14%,"17°C, decant 1 hr","Red cherry, herbs, stone","Braised veal, aftermath",0.75,0.04,0.75,0.6,draft
Knight of Swords,III,"Permission, skipped. Efficient.",1,Beckstoffer To Kalon Cabernet,"Schrader Cellars, Napa","Boundaries are suggestions to some. Fred Schrader charged into Napa's most famous vineyard rows and bottled To Kalon Cabernets that collected perfect scores by the fistful, cult status achieved at cavalry speed. Nobody granted approval in advance. Approval caught up later, as it does.",Cabernet Sauvignon,"Red, cult Napa",2019,14.9%,"17°C, decant 1 hr","Blackberry, cocoa, violets","Ribeye, momentum",0.5,0.08,0.7,0.9,draft
Queen of Swords,I,Unvarnished. How refreshing.,1,Cuvée Frédéric Émile,"Trimbach, Alsace","Honesty is the highest courtesy. Frédéric Émile is dry Riesling with no varnish anywhere: austere, precise, telling the vintage's truth whether flattering or not, softened only by time and never by technique. It does not perform warmth. It offers respect instead, which lasts longer.",Riesling,"White, grand dry Alsace",2017,13%,10-12°C,"Lime, steel, stone","Trout, candor",0.85,0.03,0.05,0.5,draft
Queen of Swords,II,Clean lines. Nothing blurred.,1,Domaine de Chevalier Blanc,"Pessac-Léognan, Bordeaux","Definition is a form of respect. Domaine de Chevalier's white draws every line clean, Sauvignon's edge inked over Sémillon's weight, oak fitted like tailoring rather than padding. Nothing smudges. Boundaries this clear aren't cold; they're consideration, structurally expressed.",Sauvignon-Sémillon blend,"White, Pessac-Léognan",2019,13.5%,10-12°C,"Grapefruit, beeswax, cedar","Lobster, composure",0.75,0.05,0.05,0.6,draft
Queen of Swords,III,The saline wit. Bracing company.,1,La Guita Manzanilla,"Sanlúcar de Barrameda, Spain","Wit this dry keeps its edge. Manzanilla ages under flor beside the Atlantic and picks up the sea's vocabulary: salt, chamomile, a finish like a raised eyebrow. La Guita pours the driest company in Spain. Bracing, yes. You'll want the second glass to keep arguing.",Palomino,Manzanilla sherry,NV,15%,"7-9°C, fresh bottle","Chamomile, salt, green almond","Fried fish, banter",0.6,0.02,0.05,0.3,draft
King of Swords,I,High standards. Met and matched.,1,Morstein Riesling GG,"Wittmann, Rheinhessen","Precision is a promise kept. Germany's Grosses Gewächs system exists to certify exactness, one grape, one great site, dry, and Wittmann's biodynamic Morstein honors the contract to the letter: limestone, lime, laser. Standards this high select their own company. Present company included.",Riesling,"White, GG dry",2021,13%,10-12°C,"Lime, limestone, herbs","Poached fish, exactness",0.85,0.04,0.05,0.5,draft
King of Swords,II,Deep study. It commands now.,1,Château Pichon Comtesse,"Pauillac, Bordeaux","Depth is earned, then shared. Mature Pichon Comtesse is Pauillac after decades of study, tannin resolved into authority, cassis annotated with cedar and tobacco, every year of the education legible. It commands the table without effort. That's what the studying was for.",Cabernet blend,"Red, mature Pauillac",2010,13.5%,"17-18°C, decant 1 hr","Cassis, cedar, tobacco","Rack of lamb, counsel",0.6,0.04,0.7,0.75,draft
King of Swords,III,The long plan. Checkmate.,1,Tío Diego Amontillado,"Valdespino, Jerez","Foresight compounds quietly. A solera is strategy made of barrels: each bottling drawn from a chain of casks laid down across decades, every generation provisioning the next. Valdespino's Tío Diego executes a plan older than its drinkers. The endgame was always this glass. Checkmate, gently.",Palomino,"Amontillado sherry, dry",NV,18%,12-14°C,"Hazelnut, salt, oak","Jamón, endgames",0.65,0.05,0.05,0.55,draft
Ace of Pentacles,I,First ground broken. Momentous.,1,Bloom's Field Pinot Noir,"Domaine de la Côte, Sta. Rita Hills",Everything grand was once ground level. Domaine de la Côte began as bare coastal slope and a conviction that Sta. Rita Hills could yield Pinot of real consequence; the first vintages proved the ground right. Bloom's Field is the seed money made drinkable. Foundations taste like this early.,Pinot Noir,"Red, coastal Pinot",2021,12.5%,15-16°C,"Dark cherry, herbs, sea air","Duck, mushroom dishes",0.75,0.04,0.4,0.5,draft
Ace of Pentacles,II,The reclamation. Good earth knows.,1,Lytton Springs,"Ridge Vineyards, Dry Creek Valley","Good earth waits patiently. The old vines at Lytton Springs were a century deep when Ridge took over their stewardship, ancient Zinfandel rows brought back into full voice rather than ripped out for something easier. The ground remembered everything. It just needed someone to ask.",Zinfandel blend,"Red, heritage vineyard",2021,14.5%,15-16°C,"Brambleberry, pepper, cedar","Barbecue, roast lamb",0.6,0.08,0.55,0.75,draft
Ace of Pentacles,III,One true place. Held in hand.,1,Chablis Montée de Tonnerre,"William Fèvre, Burgundy","A place can fit in the hand. Montée de Tonnerre grows on Kimmeridgian limestone packed with fossil oysters, an ancient seabed you can pick up and pocket at the vineyard's edge; Fèvre bottles that exact stone. One patch of earth, fifty million years old, poured cold.",Chardonnay,"White, premier cru Chablis",2021,12.5%,10-12°C,"Lemon, oyster shell, stone","Oysters, poached fish",0.85,0.03,0.05,0.5,draft
Ace of Pentacles,IV,Early position. Smart money.,1,Hermannshöhle Riesling GG,"Dönnhoff, Nahe","The best investments start small. A single bottle of Dönnhoff's Hermannshöhle, cellared young, appreciates the honest way: not in price first, but in depth, gaining complexity yearly like compound interest you can drink. Getting in early is the whole game. The position is open now.",Riesling,"White, GG dry",2021,13%,10-12°C,"White peach, slate, herbs","Trout, long-term thinking",0.85,0.06,0.05,0.5,draft
Two of Pentacles,I,The juggle. Flawless so far.,1,Zeltinger Schlossberg Kabinett,"Selbach-Oster, Mosel","Grace is chaos, practiced. Mosel Kabinett keeps sugar and acid airborne at once, eight percent alcohol underneath, nothing dropped in two hundred years of the style; Selbach-Oster makes the juggle look like standing still. Both balls stay up. The juggler smiles. Practice, poured.",Riesling,"White, Kabinett",2022,8%,8-10°C,"Green apple, slate, citrus","Spicy food, high-wire acts",0.85,0.5,0.05,0.3,draft
Two of Pentacles,II,"Many sources, one hand. Deft.",1,Bin 389,"Penfolds, South Australia","Many sources, one steady hand. Bin 389 juggles Cabernet and Shiraz gathered across South Australia, matured partly in barrels that held the previous Grange, which earned it the nickname 'Baby Grange.' Different regions, different grapes, one seamless catch. The hands never look busy.",Cabernet-Shiraz blend,"Red, multi-region blend",2021,14.5%,16-17°C,"Black fruit, mocha, oak spice","Steak, stews",0.55,0.06,0.65,0.85,draft
Two of Pentacles,III,Adaptation. Quietly brilliant.,1,Volnay,"Michel Lafarge, Burgundy","Adaptation is quiet talent. Burgundy's tricky years, the 2011s and 2013s, separated the reactive from the responsive, and Lafarge's Volnay from such vintages shows what adjusting gracefully tastes like: transparent, poised, no scars visible. The year wobbled. The hands didn't.",Pinot Noir,"Red, Volnay",2013,12.5%,15-16°C,"Red cherry, rose, earth","Duck, roast chicken",0.7,0.04,0.45,0.5,draft
Two of Pentacles,IV,Both jobs done. Rare balance.,1,Napa Valley Merlot,"Duckhorn, Napa","Duty and passion can share a desk. Duckhorn's Merlot is the day job done impeccably, polished, reliable, nationally beloved, while the same cellar runs single-vineyard experiments off the clock. Neither shortchanges the other. The paycheck funds the poetry, and both drink well.",Merlot,"Red, Napa Merlot",2021,14.5%,16°C,"Plum, cherry, cocoa","Roast chicken, weeknights",0.55,0.06,0.55,0.7,draft
Three of Pentacles,I,The guild's work. Solid through.,1,Les Vénérables Vieilles Vignes,"La Chablisienne, Burgundy","The guild outbuilds the genius. La Chablisienne pools some three hundred growers, a cathedral crew's worth of hands on one wine, and holds prized old-vine parcels most solo domaines would envy. Les Vénérables is craftsmanship by committee, which turns out to mean more craftsmen. Solid, floor to spire.",Chardonnay,"White, old-vine Chablis",2021,13%,10-12°C,"Citrus, hazelnut, mineral","Fish in cream, comté",0.8,0.04,0.05,0.5,draft
Three of Pentacles,II,"Expertise, borrowed. Wise hire.",1,Château Pape Clément,"Pessac-Léognan, Bordeaux","Expertise travels well. Michel Rolland built a career advising cellars on five continents, the master mason called to other people's cathedrals, and Pape Clément shows the polish such visits leave: plush, precise, professionally finished. Hiring the best is also a craft. Someone here had it.",Cabernet-Merlot blend,"Red, Pessac-Léognan",2018,14.5%,"17°C, decant 1 hr","Black fruit, smoke, mocha","Beef, roast duck",0.55,0.06,0.7,0.8,draft
Three of Pentacles,III,The crew. Seamless.,1,Esprit de Tablas,"Tablas Creek, Paso Robles","A good team makes it look inevitable. Esprit de Tablas is a French-American joint venture down to the vines themselves, Beaucastel cuttings on Paso Robles soil, Mourvèdre leading a blend where every grape holds a specific job. No soloists, no seams. Just the finished work, standing.",Mourvèdre blend,"Red, Rhône-style blend",2020,14.5%,16-17°C,"Dark fruit, garrigue, earth","Braised lamb, stews",0.6,0.06,0.6,0.75,draft
Three of Pentacles,IV,The apprentice's mark. Teacher's pride.,1,Grgich Hills Chardonnay,"Napa Valley, California","Good teaching shows in the work. Mike Grgich apprenticed under the legendary André Tchelistcheff, then made the 1973 Chardonnay that beat Burgundy blind in Paris; Grgich Hills is the master's mark carried forward by the student who earned it. The lesson took. Spectacularly.",Chardonnay,"White, Napa Chardonnay",2021,14%,11-13°C,"Apple, citrus, subtle oak","Roast chicken, crab",0.65,0.05,0.05,0.65,draft
Four of Pentacles,I,The long hold. Prudent.,1,Chinon Les Picasses,"Olga Raffault, Loire","Holding on is a strategy too. The Raffault family cellars Les Picasses for years, sometimes decades, releasing old vintages only when they judge the moment right, a library defended like a savings account. Nothing leaves early. What finally leaves is worth the guarding.",Cabernet Franc,"Red, aged Chinon",2014,12.5%,15-16°C,"Dried raspberry, iron, leaves","Roast pork, lentils",0.7,0.04,0.5,0.55,draft
Four of Pentacles,II,The vault. Well stocked.,1,Barolo Cascina Francia,"Giacomo Conterno, Piedmont","The careful never run out. Giacomo Conterno's cellar operates like a vault: wines held in cask for years past fashion, the flagship Monfortino sometimes a decade before release, nothing sold before the house is satisfied. Patience, fully funded. The interest compounds in the bottle.",Nebbiolo,"Red, traditional Barolo",2017,14.5%,"17-18°C, decant 2 hrs","Dried cherry, tar, leather","Brasato, white truffle",0.75,0.04,0.8,0.7,draft
Four of Pentacles,III,The rarity. Guard it well.,1,Fleurie,"Yvon Métras, Beaujolais","Scarcity sharpens desire. Yvon Métras makes minuscule quantities of old-vine Fleurie that vanish on allocation before most drinkers learn the name, bottles guarded, traded, and lied about at dinner parties. Beaujolais, of all things, became treasure. Hold yours accordingly.",Gamay,"Red, cult Beaujolais",2021,13%,"14°C, light chill","Wild cherry, violet, spice","Charcuterie, bragging rights",0.7,0.04,0.35,0.45,draft
Four of Pentacles,IV,"The treasured rows. Held tight, rightly.",1,Cros Parantoux,"Méo-Camuzet, Vosne-Romanée","Small holdings hold tightest. Cros Parantoux was abandoned to artichokes until Henri Jayer dynamited the rock and replanted it by hand, turning a forgotten corner into Burgundy's most jealously guarded premier cru; Méo-Camuzet inherited his rows. A few coins, clutched. Worth clutching.",Pinot Noir,"Red, premier cru Vosne",2018,13%,15-16°C,"Dark cherry, incense, iron","Squab, reverence",0.7,0.04,0.55,0.6,draft
Five of Pentacles,I,"Lean years, honored. They built this.",1,Titolo,"Elena Fucci, Basilicata","The lean years made the backbone. Basilicata has long been one of Italy's poorest regions, and Aglianico del Vulture its stubborn, unpaid genius; Elena Fucci's family refused to sell the old Titolo vineyard and turned it into the region's flagship instead. Poverty kept the vines honest. The wine keeps the record.",Aglianico,"Red, volcanic Vulture",2019,14%,"17°C, decant 1 hr","Black cherry, ash, iron","Sausage and lentils, aged cheeses",0.7,0.04,0.75,0.75,draft
Five of Pentacles,II,"The frost year. Precious, what's left.",1,Chablis,"Vincent Dauvissat, Burgundy","What the frost spared became precious. In April 2021 growers stood among candles all night as Chablis froze anyway, the crop cut to fractions; what Dauvissat carried in from that ruin is scarce, taut, and quietly defiant. The cold took most of it. It missed the soul.",Chardonnay,"White, frost-year Chablis",2021,12.5%,10-12°C,"Lemon, stone, sleet","Oysters, gratitude",0.85,0.03,0.05,0.45,draft
Five of Pentacles,III,Outside the club. Better parties.,1,Domaine de Trévallon,"Provence, France","Outside has better company anyway. Trévallon's Cabernet-Syrah broke the local appellation's blending rules, so Eloi Dürrbach declassified his greatest wine to lowly table status rather than change it; collectors followed him straight out the door. The club kept its rules. He kept the guest list.",Cabernet-Syrah blend,"Red, declassified Provence",2019,13.5%,16-17°C,"Black olive, herbs, dark fruit","Lamb, principled company",0.65,0.04,0.65,0.7,draft
Six of Pentacles,I,"Generosity, institutional. Noble.",1,Hospices de Beaune Cuvée,"Beaune, Burgundy","Generosity can be an institution. Since 1443 the Hospices de Beaune has funded its hospital by auctioning wine from donated vineyards, six centuries of barrels traded for beds and care, the world's oldest charity auction. The label is a ledger of giving. Drink to the balance.",Pinot Noir,"Red, charity cuvée",2020,13%,15-16°C,"Red cherry, spice, earth","Coq au vin, good causes",0.7,0.04,0.5,0.55,draft
Six of Pentacles,II,The bargain. A quiet gift.,1,Côtes du Rhône,"E. Guigal, Rhône","Some gifts come disguised as bargains. Guigal makes millions of bottles of this and treats every one like the estate's reputation rides on it, because it does: dark Syrah-led fruit, real structure, a price that reads like a favor. The generosity flows downhill here. On purpose.",Syrah-Grenache blend,"Red, Côtes du Rhône",2020,14%,15-16°C,"Black fruit, pepper, olive",Weeknight everything,0.6,0.05,0.5,0.65,draft
Six of Pentacles,III,The patron's touch. Gracious.,1,Cristal,"Louis Roederer, Champagne","Great work often had a backer. Cristal was created in 1876 for Tsar Alexander II, in clear glass with a flat bottom so nothing could be hidden beneath the wine, patronage shaping even the bottle. The court is gone; the standard survived it. Patrons pass. Graciousness keeps.",Pinot-Chardonnay blend,Prestige Champagne,2015,12%,9-11°C,"White fruit, citrus, chalk","Caviar, largesse",0.75,0.08,0.05,0.5,draft
Seven of Pentacles,I,The long wait. Nearly harvest.,1,Vintage Port,"Dow's, Douro","The best rewards are slow ones. Vintage Port is bottled young and buried in cellars for decades, an investment whose dividends arrive when the buyer is greyer and wiser; the legendary 1994s are only now fully paying out. The waiting was the work. The harvest is finally in sight.",Touriga blend,"Fortified, Vintage Port",1994,20%,"16-18°C, decant","Fig, cassis, dark chocolate","Stilton, patience",0.55,0.75,0.6,0.9,draft
Seven of Pentacles,II,"Slowness, deliberate. Correct pace.",1,15 Year Verdelho,"D'Oliveiras, Madeira","Some methods refuse to hurry. Canteiro Madeira ages in warm attic lofts for decades, no shortcuts, heat and time doing at their own pace what machines could fake in months; D'Oliveiras keeps stocks reaching back over a century. Slow was the design spec. The pace is the quality.",Verdelho,"Fortified, Canteiro Madeira",NV,19%,13-15°C,"Dried apricot, smoke, citrus peel","Hard cheeses, long views",0.8,0.5,0.1,0.65,draft
Seven of Pentacles,III,The payoff. Collect it.,1,Clos Mogador,"Priorat, Spain","Long bets settle in full. René Barbier hauled Priorat's abandoned slate terraces back into production when the region was a ghost economy, a decade of investment before the vines hit stride; Clos Mogador is the mature position. The land repays conviction. With interest, evidently.",Garnacha-Cariñena blend,"Red, Priorat",2019,14.5%,"17°C, decant 1 hr","Black fruit, slate, incense","Grilled lamb, dividends",0.6,0.06,0.65,0.85,draft
Eight of Pentacles,I,"The details. All of them, minded.",1,Scharzhofberger Kabinett,"Egon Müller, Saar","Perfection is a pile of small choices. Egon Müller's family has worked the Scharzhofberg since 1797, and the Kabinett is fussed over like jewelry: parcel by parcel, cask by cask, until eight percent alcohol carries impossible detail. Nothing here happened by accident. Nothing ever does.",Riesling,"White, Saar Kabinett",2021,8%,8-10°C,"White peach, slate, blossom","Delicate fish, close attention",0.9,0.5,0.05,0.3,draft
Eight of Pentacles,II,"The understudy. Ready, clearly.",1,Les Forts de Latour,"Pauillac, Bordeaux","The training shows early. Les Forts is made by Latour's team, from Latour's land, with Latour's obsessive sorting, the second label as apprenticeship: same hands, earlier chapter. The understudy knows every line already. Promotion is a formality the cellar has stopped debating.",Cabernet blend,"Red, Pauillac second label",2016,13.5%,"17°C, decant 1 hr","Cassis, cedar, graphite","Roast beef, rehearsals",0.6,0.05,0.7,0.75,draft
Eight of Pentacles,III,"A lifetime, one place. Devotion.",1,Wehlener Sonnenuhr Spätlese,"Joh. Jos. Prüm, Mosel","Devotion narrows and deepens. The Prüm family has spent generations on one steep slope with a sundial in it, refining the same wine from the same rows until repetition became mastery became legend. One plot, one lifetime, several times over. The Spätlese is the compounded result.",Riesling,"White, Mosel Spätlese",2020,8%,8-10°C,"Peach, slate, wildflower honey","Spiced dishes, devotion",0.85,0.55,0.05,0.3,draft
Nine of Pentacles,I,"Treat yourself, indeed. Earned.",1,Château Suduiraut,"Sauternes, Bordeaux","Reward is part of the work. Suduiraut is Sauternes for the self-made hour: apricot and crème brûlée gilded by noble rot, a luxury that needs no occasion beyond having finished something. The table for one is set in gold. Sit down. It was always going to be yours.",Sémillon blend,"Sweet, Sauternes",2016,14%,10-12°C,"Apricot, honey, crème brûlée","Roquefort, solitude",0.7,0.9,0.05,0.75,draft
Nine of Pentacles,II,The walled garden. All yours.,1,Clos de Tart,"Morey-Saint-Denis, Burgundy","What's wholly yours answers to no one. Clos de Tart has been a monopole since Cistercian nuns founded it in 1141, a walled grand cru never divided in nearly nine centuries, one owner at a time, always entire. The garden gate has one key. Tonight it's in your pocket.",Pinot Noir,"Red, grand cru monopole",2018,13.5%,16-17°C,"Dark cherry, rose, spice","Squab, self-possession",0.65,0.04,0.55,0.6,draft
Nine of Pentacles,III,Whole on its own. Kindred.,1,Dom Pérignon P2,"Champagne, France","The finest company can be none. P2 is Dom Pérignon released a second time after fifteen years on its lees, deeper, broader, complete to the point of needing nothing else on the table, food and guests included. It keeps its own counsel beautifully. Kindred spirits recognize the trait.",Chardonnay-Pinot blend,"Vintage Champagne, late release",2004,12.5%,9-11°C,"Toasted brioche, smoke, citrus",Nothing required,0.75,0.08,0.05,0.6,draft
Ten of Pentacles,I,The dynasty. Centuries agree.,1,Chianti Classico Riserva,"Marchesi Antinori, Tuscany","Some families measure in centuries. The Antinori have made wine since 1385, twenty-six generations without breaking the chain, a business older than most nations pouring like a family album. The Riserva carries the crest lightly. Dynasties that last learn to wear it that way.",Sangiovese,"Red, Chianti Classico Riserva",2020,14%,16-17°C,"Cherry, leather, spice","Bistecca, inheritance",0.7,0.05,0.6,0.65,draft
Ten of Pentacles,II,The survivors' line. Living memory.,1,Colares Ramisco,"Adega Viúva Gomes, Portugal","The past survives in living things. When phylloxera ate Europe's vineyards, the louse could not cross Colares's deep beach sand, so its Ramisco vines still grow on their own pre-plague roots, a bloodline unbroken since before the disaster. Living memory, on original footing. Taste what everyone else lost.",Ramisco,"Red, ungrafted Colares",2015,11.5%,14-15°C,"Sour cherry, salt, forest","Grilled sardines, ancestry",0.8,0.03,0.6,0.45,draft
Ten of Pentacles,III,For the grandchildren. Farsighted.,1,Vintage Port,"Warre's, Douro","Some things are bought for grandchildren. A declared Vintage Port outlives its buyer by design, laid down at a birth to be opened at a wedding fifty years on; Warre's has supplied that particular kind of foresight since 1670. The purchase is a letter to the future. It keeps beautifully.",Touriga blend,"Fortified, Vintage Port",2017,20%,"16-18°C, decant","Black fruit, violet, spice","Stilton, posterity",0.55,0.8,0.7,0.9,draft
Page of Pentacles,I,Spotted before fame. Collector's eye.,1,Predappio Sangiovese,"Chiara Condello, Emilia-Romagna","Talent shows before fame does. Chiara Condello started bottling Predappio's Sangiovese in her twenties and promptly made Romagna, Tuscany's overlooked neighbor, a name critics now watch; early bottles are already being hoarded. The eye that finds them first eats best. Yours just did.",Sangiovese,"Red, Romagna",2020,13.5%,16°C,"Red cherry, rose, blood orange","Pasta al ragù, foresight",0.75,0.04,0.55,0.55,draft
Page of Pentacles,II,Learning in public. Endearing.,1,Ramato Pinot Grigio,"Channing Daughters, Long Island","Learning looks like tinkering. Channing Daughters runs Long Island like an open workshop, skin-fermented whites, obscure varieties, experiments bottled mid-lesson; Ramato macerates Pinot Grigio to copper the old Friulian way. Every vintage is a new assignment. The homework happens to be delicious.",Pinot Grigio,Copper skin-contact white,2022,12.5%,10-12°C,"Orange peel, strawberry, tea","Charcuterie, curiosity",0.65,0.05,0.25,0.5,draft
Page of Pentacles,III,The fundamentals. Never wrong.,1,Sauvignon Blanc,"Cloudy Bay, Marlborough","Fundamentals never wasted anyone's time. Cloudy Bay's 1985 debut effectively wrote the textbook for New Zealand Sauvignon, the reference every student of the style still gets pointed to first. Passionfruit, lime, cut grass, perfect diction. Start here. Everyone serious did.",Sauvignon Blanc,"White, benchmark Marlborough",2023,13%,8-10°C,"Passionfruit, lime, cut grass","Goat cheese, study sessions",0.85,0.05,0.05,0.4,draft
Knight of Pentacles,I,Consistency. Decades deep.,1,Ridge Estate Cabernet,"Ridge Vineyards, Santa Cruz Mountains","Reliability is the rarest feat. Ridge has made wine the same patient way since 1962, same mountain, same methods, ingredient labels before anyone asked, quality so steady it stops being news. No flash, no vintage of the century talk. Just the promise, kept again. Decades deep and counting.",Cabernet blend,"Red, mountain Cabernet",2021,13.5%,17°C,"Blackcurrant, cedar, bay","Sunday roast, trust",0.65,0.04,0.65,0.7,draft
Knight of Pentacles,II,The workhorse. Never once late.,1,Bourgogne Rouge,"Joseph Drouhin, Burgundy","Dependable is a compliment. Drouhin's Bourgogne Rouge does the unglamorous work of being good every single year, real Burgundy at an honest price, delivered without drama since 1880. It has never headlined a list and never let one down. The workhorse cashes every check it writes.",Pinot Noir,"Red, Bourgogne",2021,13%,15-16°C,"Cherry, earth, spice","Roast chicken, reliability",0.7,0.04,0.4,0.5,draft
Knight of Pentacles,III,"The long way. The only way, here.",1,Barolo,"Bartolo Mascarello, Piedmont","Shortcuts were never considered. Bartolo Mascarello made Barolo in big old casks from blended vineyards his whole life, hand-drew labels, and famously lettered one 'no barrique, no Berlusconi' when fashion demanded he modernize. The house still walks the long way. It arrives, every time.",Nebbiolo,"Red, traditional Barolo",2018,14%,"17°C, decant 2 hrs","Rose, tar, dried cherry","Brasato, conviction",0.75,0.04,0.8,0.65,draft
Queen of Pentacles,I,Grounded generosity. Felt at once.,1,Bandol Rouge,"Domaine Tempier, Provence","Groundedness is generosity. Domaine Tempier fed half the food world from its farmhouse kitchen, Lulu Peyraud cooking for writers and cooks who carried the gospel home, and the Mourvèdre tastes like that hearth: warm, earthy, openhanded. The table was always set. It still is.",Mourvèdre,"Red, Bandol",2019,14%,16-17°C,"Dark plum, earth, wild herbs","Provençal stews, roast lamb",0.6,0.05,0.65,0.75,draft
Queen of Pentacles,II,The table's ally. Invited back.,1,Riesling Trocken,"Dr. Bürklin-Wolf, Pfalz","A good meal is a form of love. Bürklin-Wolf farms the Pfalz biodynamically and makes dry Riesling that exists to serve dinner, acidity clearing the way, fruit seasoning the plate, never upstaging the cook. It improves every table it joins. The invitations keep coming.",Riesling,"White, dry Pfalz",2022,12.5%,9-11°C,"Citrus, orchard fruit, herbs","Roast pork, weeknight feasts",0.8,0.06,0.05,0.45,draft
Queen of Pentacles,III,The heirloom vine. Tended on.,1,Central Coast Pinot Noir,"Calera, California","What's treasured gets replanted. Calera's Pinot descends from cuttings whose Burgundian origins are the stuff of legend, a mother line propagated across California by winemakers who wanted that exact inheritance in their rows. The heirloom keeps giving. Somebody tends it forward every generation.",Pinot Noir,"Red, heritage-clone Pinot",2021,13.5%,15-16°C,"Cherry, sassafras, earth","Salmon, mushroom dishes",0.7,0.05,0.45,0.55,draft
King of Pentacles,I,Blue chip. It never wobbles.,1,Château Lafite Rothschild,"Pauillac, Bordeaux","Some reputations are currency. Lafite is the most traded name in fine wine, a first growth whose label functions as a reserve asset from London to Hong Kong, value held across centuries and crashes alike. The wine under the capsule justifies the ticker. Blue chip, in every sense.",Cabernet blend,"Red, first growth",2016,13%,"17-18°C, decant 2 hrs","Cassis, cedar, cigar box","Filet, portfolios",0.6,0.04,0.75,0.8,draft
King of Pentacles,II,The masterpiece. Bow slightly.,1,Vérité La Joie,"Sonoma County, California","Mastery has a masterpiece. Jess Jackson built one of wine's great empires, then commissioned its crown: Vérité, a Sonoma Bordeaux-blend project that has collected a shelf of perfect scores. Every enterprise dreams of one object that outranks the balance sheet. This is that object, poured.",Cabernet blend,"Red, Sonoma flagship",2018,14.5%,"17°C, decant 1 hr","Black cherry, graphite, spice","Lamb, legacies",0.55,0.05,0.7,0.85,draft
King of Pentacles,III,The appreciating asset. Well judged.,1,Château Lynch-Bages,"Pauillac, Bordeaux","Wise purchases repay the wait. Lynch-Bages from a great year is the classic cellar investment: bought young for sensible money, worth multiples at maturity, and, unlike most assets, improving the entire time. The 2000s proved the thesis again. Sound judgment you can eventually drink.",Cabernet blend,"Red, Pauillac",2000,13%,"17°C, decant 1 hr","Cassis, cedar, tobacco","Rack of lamb, sound decisions",0.6,0.04,0.7,0.75,draft
